Timestamp,Component,Run_ID,Domain,Problem,Planner,Error_Type,Dump_Path
2026-05-08T12:28:29.895181+00:00,PLANNER,1417,visitall,instance-01.pddl,decstar,TIMEOUT,/Users/danielehab/My Drive/ArchAware-PDDL-Configurator/logs/stage2/error_dumps/TIMEOUT/1417_TIMEOUT.txt
2026-05-08T12:28:30.555670+00:00,PLANNER,1418,visitall,instance-01.pddl,madagascar,TIMEOUT,/Users/danielehab/My Drive/ArchAware-PDDL-Configurator/logs/stage2/error_dumps/TIMEOUT/1418_TIMEOUT.txt
2026-05-08T12:34:29.270153+00:00,PLANNER,1438,visitall,instance-02.pddl,decstar,TIMEOUT,/Users/danielehab/My Drive/ArchAware-PDDL-Configurator/logs/stage2/error_dumps/TIMEOUT/1438_TIMEOUT.txt
2026-05-08T12:34:30.985610+00:00,PLANNER,1439,visitall,instance-02.pddl,madagascar,TIMEOUT,/Users/danielehab/My Drive/ArchAware-PDDL-Configurator/logs/stage2/error_dumps/TIMEOUT/1439_TIMEOUT.txt
2026-05-08T12:40:28.651619+00:00,PLANNER,1448,visitall,instance-03.pddl,decstar,TIMEOUT,/Users/danielehab/My Drive/ArchAware-PDDL-Configurator/logs/stage2/error_dumps/TIMEOUT/1448_TIMEOUT.txt
2026-05-08T12:40:31.434767+00:00,PLANNER,1449,visitall,instance-03.pddl,madagascar,TIMEOUT,/Users/danielehab/My Drive/ArchAware-PDDL-Configurator/logs/stage2/error_dumps/TIMEOUT/1449_TIMEOUT.txt
2026-05-08T12:46:28.038453+00:00,PLANNER,1462,visitall,instance-04.pddl,decstar,TIMEOUT,/Users/danielehab/My Drive/ArchAware-PDDL-Configurator/logs/stage2/error_dumps/TIMEOUT/1462_TIMEOUT.txt
2026-05-08T12:46:31.943541+00:00,PLANNER,1463,visitall,instance-04.pddl,madagascar,TIMEOUT,/Users/danielehab/My Drive/ArchAware-PDDL-Configurator/logs/stage2/error_dumps/TIMEOUT/1463_TIMEOUT.txt
2026-05-08T12:52:27.784164+00:00,PLANNER,1471,visitall,instance-07.pddl,decstar,TIMEOUT,/Users/danielehab/My Drive/ArchAware-PDDL-Configurator/logs/stage2/error_dumps/TIMEOUT/1471_TIMEOUT.txt
2026-05-08T12:52:32.358641+00:00,PLANNER,1472,visitall,instance-07.pddl,madagascar,TIMEOUT,/Users/danielehab/My Drive/ArchAware-PDDL-Configurator/logs/stage2/error_dumps/TIMEOUT/1472_TIMEOUT.txt
2026-05-08T12:55:10.102370+00:00,PLANNER,1480,snake,instance-12.pddl,bfws,TIMEOUT,/Users/danielehab/My Drive/ArchAware-PDDL-Configurator/logs/stage2/error_dumps/TIMEOUT/1480_TIMEOUT.txt
2026-05-08T12:58:27.678923+00:00,PLANNER,1485,visitall,instance-08.pddl,decstar,TIMEOUT,/Users/danielehab/My Drive/ArchAware-PDDL-Configurator/logs/stage2/error_dumps/TIMEOUT/1485_TIMEOUT.txt
2026-05-08T12:58:32.767989+00:00,PLANNER,1486,visitall,instance-08.pddl,madagascar,TIMEOUT,/Users/danielehab/My Drive/ArchAware-PDDL-Configurator/logs/stage2/error_dumps/TIMEOUT/1486_TIMEOUT.txt
2026-05-08T13:01:10.514029+00:00,PLANNER,1489,snake,instance-13.pddl,bfws,TIMEOUT,/Users/danielehab/My Drive/ArchAware-PDDL-Configurator/logs/stage2/error_dumps/TIMEOUT/1489_TIMEOUT.txt
2026-05-08T13:04:27.522638+00:00,PLANNER,1494,visitall,instance-09.pddl,decstar,TIMEOUT,/Users/danielehab/My Drive/ArchAware-PDDL-Configurator/logs/stage2/error_dumps/TIMEOUT/1494_TIMEOUT.txt
2026-05-08T13:04:33.157195+00:00,PLANNER,1495,visitall,instance-09.pddl,madagascar,TIMEOUT,/Users/danielehab/My Drive/ArchAware-PDDL-Configurator/logs/stage2/error_dumps/TIMEOUT/1495_TIMEOUT.txt
2026-05-08T13:07:10.943639+00:00,PLANNER,1497,snake,instance-14.pddl,bfws,TIMEOUT,/Users/danielehab/My Drive/ArchAware-PDDL-Configurator/logs/stage2/error_dumps/TIMEOUT/1497_TIMEOUT.txt
2026-05-08T13:10:26.541535+00:00,PLANNER,1498,visitall,instance-11.pddl,decstar,TIMEOUT,/Users/danielehab/My Drive/ArchAware-PDDL-Configurator/logs/stage2/error_dumps/TIMEOUT/1498_TIMEOUT.txt
2026-05-08T13:10:33.589435+00:00,PLANNER,1499,visitall,instance-11.pddl,madagascar,TIMEOUT,/Users/danielehab/My Drive/ArchAware-PDDL-Configurator/logs/stage2/error_dumps/TIMEOUT/1499_TIMEOUT.txt
2026-05-08T13:12:43.355137+00:00,PLANNER,1500,snake,instance-03.pddl,lama,TIMEOUT,/Users/danielehab/My Drive/ArchAware-PDDL-Configurator/logs/stage2/error_dumps/TIMEOUT/1500_TIMEOUT.txt
2026-05-08T13:13:11.364000+00:00,PLANNER,1501,snake,instance-16.pddl,bfws,TIMEOUT,/Users/danielehab/My Drive/ArchAware-PDDL-Configurator/logs/stage2/error_dumps/TIMEOUT/1501_TIMEOUT.txt
2026-05-08T13:16:25.644910+00:00,PLANNER,1502,visitall,instance-12.pddl,decstar,TIMEOUT,/Users/danielehab/My Drive/ArchAware-PDDL-Configurator/logs/stage2/error_dumps/TIMEOUT/1502_TIMEOUT.txt
2026-05-08T13:16:34.017826+00:00,PLANNER,1503,visitall,instance-12.pddl,madagascar,TIMEOUT,/Users/danielehab/My Drive/ArchAware-PDDL-Configurator/logs/stage2/error_dumps/TIMEOUT/1503_TIMEOUT.txt
2026-05-08T13:18:43.087327+00:00,PLANNER,1504,snake,instance-04.pddl,lama,TIMEOUT,/Users/danielehab/My Drive/ArchAware-PDDL-Configurator/logs/stage2/error_dumps/TIMEOUT/1504_TIMEOUT.txt
2026-05-08T13:19:11.786196+00:00,PLANNER,1505,snake,instance-17.pddl,bfws,TIMEOUT,/Users/danielehab/My Drive/ArchAware-PDDL-Configurator/logs/stage2/error_dumps/TIMEOUT/1505_TIMEOUT.txt
2026-05-08T13:22:24.836957+00:00,PLANNER,1506,visitall,instance-13.pddl,decstar,TIMEOUT,/Users/danielehab/My Drive/ArchAware-PDDL-Configurator/logs/stage2/error_dumps/TIMEOUT/1506_TIMEOUT.txt
2026-05-08T13:22:34.443542+00:00,PLANNER,1507,visitall,instance-13.pddl,madagascar,TIMEOUT,/Users/danielehab/My Drive/ArchAware-PDDL-Configurator/logs/stage2/error_dumps/TIMEOUT/1507_TIMEOUT.txt
2026-05-08T13:24:42.991605+00:00,PLANNER,1508,snake,instance-07.pddl,lama,TIMEOUT,/Users/danielehab/My Drive/ArchAware-PDDL-Configurator/logs/stage2/error_dumps/TIMEOUT/1508_TIMEOUT.txt
2026-05-08T13:25:12.211228+00:00,PLANNER,1509,snake,instance-18.pddl,bfws,TIMEOUT,/Users/danielehab/My Drive/ArchAware-PDDL-Configurator/logs/stage2/error_dumps/TIMEOUT/1509_TIMEOUT.txt
2026-05-08T13:28:23.983109+00:00,PLANNER,1510,visitall,instance-14.pddl,decstar,TIMEOUT,/Users/danielehab/My Drive/ArchAware-PDDL-Configurator/logs/stage2/error_dumps/TIMEOUT/1510_TIMEOUT.txt
2026-05-08T13:28:34.872886+00:00,PLANNER,1511,visitall,instance-14.pddl,madagascar,TIMEOUT,/Users/danielehab/My Drive/ArchAware-PDDL-Configurator/logs/stage2/error_dumps/TIMEOUT/1511_TIMEOUT.txt
2026-05-08T13:30:43.065529+00:00,PLANNER,1512,snake,instance-08.pddl,lama,TIMEOUT,/Users/danielehab/My Drive/ArchAware-PDDL-Configurator/logs/stage2/error_dumps/TIMEOUT/1512_TIMEOUT.txt
2026-05-08T13:31:12.680010+00:00,PLANNER,1513,snake,instance-19.pddl,bfws,TIMEOUT,/Users/danielehab/My Drive/ArchAware-PDDL-Configurator/logs/stage2/error_dumps/TIMEOUT/1513_TIMEOUT.txt
2026-05-08T13:34:23.312500+00:00,PLANNER,1517,visitall,instance-16.pddl,decstar,TIMEOUT,/Users/danielehab/My Drive/ArchAware-PDDL-Configurator/logs/stage2/error_dumps/TIMEOUT/1517_TIMEOUT.txt
2026-05-08T13:34:35.286388+00:00,PLANNER,1518,visitall,instance-16.pddl,madagascar,TIMEOUT,/Users/danielehab/My Drive/ArchAware-PDDL-Configurator/logs/stage2/error_dumps/TIMEOUT/1518_TIMEOUT.txt
2026-05-08T13:36:43.017275+00:00,PLANNER,1520,snake,instance-09.pddl,lama,TIMEOUT,/Users/danielehab/My Drive/ArchAware-PDDL-Configurator/logs/stage2/error_dumps/TIMEOUT/1520_TIMEOUT.txt
2026-05-08T13:40:22.635683+00:00,PLANNER,1522,visitall,instance-17.pddl,decstar,TIMEOUT,/Users/danielehab/My Drive/ArchAware-PDDL-Configurator/logs/stage2/error_dumps/TIMEOUT/1522_TIMEOUT.txt
2026-05-08T13:40:35.711996+00:00,PLANNER,1523,visitall,instance-17.pddl,madagascar,TIMEOUT,/Users/danielehab/My Drive/ArchAware-PDDL-Configurator/logs/stage2/error_dumps/TIMEOUT/1523_TIMEOUT.txt
2026-05-08T13:42:43.752692+00:00,PLANNER,1525,snake,instance-11.pddl,lama,TIMEOUT,/Users/danielehab/My Drive/ArchAware-PDDL-Configurator/logs/stage2/error_dumps/TIMEOUT/1525_TIMEOUT.txt
2026-05-08T13:46:22.084902+00:00,PLANNER,1526,visitall,instance-18.pddl,decstar,TIMEOUT,/Users/danielehab/My Drive/ArchAware-PDDL-Configurator/logs/stage2/error_dumps/TIMEOUT/1526_TIMEOUT.txt
2026-05-08T13:46:36.139796+00:00,PLANNER,1528,visitall,instance-18.pddl,madagascar,TIMEOUT,/Users/danielehab/My Drive/ArchAware-PDDL-Configurator/logs/stage2/error_dumps/TIMEOUT/1528_TIMEOUT.txt
2026-05-08T13:48:43.861518+00:00,PLANNER,1529,snake,instance-12.pddl,lama,TIMEOUT,/Users/danielehab/My Drive/ArchAware-PDDL-Configurator/logs/stage2/error_dumps/TIMEOUT/1529_TIMEOUT.txt
2026-05-08T13:52:21.656737+00:00,PLANNER,1531,visitall,instance-19.pddl,decstar,TIMEOUT,/Users/danielehab/My Drive/ArchAware-PDDL-Configurator/logs/stage2/error_dumps/TIMEOUT/1531_TIMEOUT.txt
2026-05-08T13:52:36.558442+00:00,PLANNER,1532,visitall,instance-19.pddl,madagascar,TIMEOUT,/Users/danielehab/My Drive/ArchAware-PDDL-Configurator/logs/stage2/error_dumps/TIMEOUT/1532_TIMEOUT.txt
2026-05-08T13:54:44.610138+00:00,PLANNER,1533,snake,instance-13.pddl,lama,TIMEOUT,/Users/danielehab/My Drive/ArchAware-PDDL-Configurator/logs/stage2/error_dumps/TIMEOUT/1533_TIMEOUT.txt
2026-05-08T13:58:17.233785+00:00,PLANNER,1534,snake,instance-12.pddl,bfws,TIMEOUT,/Users/danielehab/My Drive/ArchAware-PDDL-Configurator/logs/stage2/error_dumps/TIMEOUT/1534_TIMEOUT.txt
2026-05-08T13:58:20.925946+00:00,PLANNER,1535,visitall,instance-01.pddl,decstar,TIMEOUT,/Users/danielehab/My Drive/ArchAware-PDDL-Configurator/logs/stage2/error_dumps/TIMEOUT/1535_TIMEOUT.txt
2026-05-08T13:58:37.022798+00:00,PLANNER,1536,visitall,instance-01.pddl,madagascar,TIMEOUT,/Users/danielehab/My Drive/ArchAware-PDDL-Configurator/logs/stage2/error_dumps/TIMEOUT/1536_TIMEOUT.txt
2026-05-08T14:00:44.833428+00:00,PLANNER,1537,snake,instance-14.pddl,lama,TIMEOUT,/Users/danielehab/My Drive/ArchAware-PDDL-Configurator/logs/stage2/error_dumps/TIMEOUT/1537_TIMEOUT.txt
2026-05-08T14:04:17.655958+00:00,PLANNER,1538,snake,instance-13.pddl,bfws,TIMEOUT,/Users/danielehab/My Drive/ArchAware-PDDL-Configurator/logs/stage2/error_dumps/TIMEOUT/1538_TIMEOUT.txt
2026-05-08T14:04:20.195279+00:00,PLANNER,1539,visitall,instance-02.pddl,decstar,TIMEOUT,/Users/danielehab/My Drive/ArchAware-PDDL-Configurator/logs/stage2/error_dumps/TIMEOUT/1539_TIMEOUT.txt
2026-05-08T14:04:37.501314+00:00,PLANNER,1540,visitall,instance-02.pddl,madagascar,TIMEOUT,/Users/danielehab/My Drive/ArchAware-PDDL-Configurator/logs/stage2/error_dumps/TIMEOUT/1540_TIMEOUT.txt
2026-05-08T14:06:45.511086+00:00,PLANNER,1541,snake,instance-16.pddl,lama,TIMEOUT,/Users/danielehab/My Drive/ArchAware-PDDL-Configurator/logs/stage2/error_dumps/TIMEOUT/1541_TIMEOUT.txt
2026-05-08T14:10:18.080640+00:00,PLANNER,1542,snake,instance-14.pddl,bfws,TIMEOUT,/Users/danielehab/My Drive/ArchAware-PDDL-Configurator/logs/stage2/error_dumps/TIMEOUT/1542_TIMEOUT.txt
2026-05-08T14:10:19.431428+00:00,PLANNER,1543,visitall,instance-03.pddl,decstar,TIMEOUT,/Users/danielehab/My Drive/ArchAware-PDDL-Configurator/logs/stage2/error_dumps/TIMEOUT/1543_TIMEOUT.txt
2026-05-08T14:10:37.977145+00:00,PLANNER,1544,visitall,instance-03.pddl,madagascar,TIMEOUT,/Users/danielehab/My Drive/ArchAware-PDDL-Configurator/logs/stage2/error_dumps/TIMEOUT/1544_TIMEOUT.txt
2026-05-08T14:12:45.940991+00:00,PLANNER,1545,snake,instance-17.pddl,lama,TIMEOUT,/Users/danielehab/My Drive/ArchAware-PDDL-Configurator/logs/stage2/error_dumps/TIMEOUT/1545_TIMEOUT.txt
2026-05-08T14:16:18.528265+00:00,PLANNER,1546,snake,instance-16.pddl,bfws,TIMEOUT,/Users/danielehab/My Drive/ArchAware-PDDL-Configurator/logs/stage2/error_dumps/TIMEOUT/1546_TIMEOUT.txt
2026-05-08T14:16:18.898198+00:00,PLANNER,1547,visitall,instance-04.pddl,decstar,TIMEOUT,/Users/danielehab/My Drive/ArchAware-PDDL-Configurator/logs/stage2/error_dumps/TIMEOUT/1547_TIMEOUT.txt
2026-05-08T14:16:38.465089+00:00,PLANNER,1548,visitall,instance-04.pddl,madagascar,TIMEOUT,/Users/danielehab/My Drive/ArchAware-PDDL-Configurator/logs/stage2/error_dumps/TIMEOUT/1548_TIMEOUT.txt
2026-05-08T14:18:46.476416+00:00,PLANNER,1549,snake,instance-18.pddl,lama,TIMEOUT,/Users/danielehab/My Drive/ArchAware-PDDL-Configurator/logs/stage2/error_dumps/TIMEOUT/1549_TIMEOUT.txt
2026-05-08T14:22:18.816520+00:00,PLANNER,1550,visitall,instance-07.pddl,decstar,TIMEOUT,/Users/danielehab/My Drive/ArchAware-PDDL-Configurator/logs/stage2/error_dumps/TIMEOUT/1550_TIMEOUT.txt
2026-05-08T14:22:19.080634+00:00,PLANNER,1551,snake,instance-17.pddl,bfws,TIMEOUT,/Users/danielehab/My Drive/ArchAware-PDDL-Configurator/logs/stage2/error_dumps/TIMEOUT/1551_TIMEOUT.txt
2026-05-08T14:22:38.885029+00:00,PLANNER,1552,visitall,instance-07.pddl,madagascar,TIMEOUT,/Users/danielehab/My Drive/ArchAware-PDDL-Configurator/logs/stage2/error_dumps/TIMEOUT/1552_TIMEOUT.txt
2026-05-08T14:24:46.763737+00:00,PLANNER,1553,snake,instance-19.pddl,lama,TIMEOUT,/Users/danielehab/My Drive/ArchAware-PDDL-Configurator/logs/stage2/error_dumps/TIMEOUT/1553_TIMEOUT.txt
2026-05-08T14:28:17.929898+00:00,PLANNER,1556,visitall,instance-08.pddl,decstar,TIMEOUT,/Users/danielehab/My Drive/ArchAware-PDDL-Configurator/logs/stage2/error_dumps/TIMEOUT/1556_TIMEOUT.txt
2026-05-08T14:28:19.569909+00:00,PLANNER,1557,snake,instance-18.pddl,bfws,TIMEOUT,/Users/danielehab/My Drive/ArchAware-PDDL-Configurator/logs/stage2/error_dumps/TIMEOUT/1557_TIMEOUT.txt
2026-05-08T14:28:39.309380+00:00,PLANNER,1558,visitall,instance-08.pddl,madagascar,TIMEOUT,/Users/danielehab/My Drive/ArchAware-PDDL-Configurator/logs/stage2/error_dumps/TIMEOUT/1558_TIMEOUT.txt
2026-05-08T14:33:34.647482+00:00,PLANNER,1559,snake,instance-03.pddl,lama,TIMEOUT,/Users/danielehab/My Drive/ArchAware-PDDL-Configurator/logs/stage2/error_dumps/TIMEOUT/1559_TIMEOUT.txt
2026-05-08T14:34:16.886502+00:00,PLANNER,1560,visitall,instance-09.pddl,decstar,TIMEOUT,/Users/danielehab/My Drive/ArchAware-PDDL-Configurator/logs/stage2/error_dumps/TIMEOUT/1560_TIMEOUT.txt
2026-05-08T14:34:19.996421+00:00,PLANNER,1561,snake,instance-19.pddl,bfws,TIMEOUT,/Users/danielehab/My Drive/ArchAware-PDDL-Configurator/logs/stage2/error_dumps/TIMEOUT/1561_TIMEOUT.txt
2026-05-08T14:34:39.728646+00:00,PLANNER,1566,visitall,instance-09.pddl,madagascar,TIMEOUT,/Users/danielehab/My Drive/ArchAware-PDDL-Configurator/logs/stage2/error_dumps/TIMEOUT/1566_TIMEOUT.txt
2026-05-08T14:39:34.578381+00:00,PLANNER,1577,snake,instance-04.pddl,lama,TIMEOUT,/Users/danielehab/My Drive/ArchAware-PDDL-Configurator/logs/stage2/error_dumps/TIMEOUT/1577_TIMEOUT.txt
2026-05-08T14:40:16.052997+00:00,PLANNER,1584,visitall,instance-11.pddl,decstar,TIMEOUT,/Users/danielehab/My Drive/ArchAware-PDDL-Configurator/logs/stage2/error_dumps/TIMEOUT/1584_TIMEOUT.txt
2026-05-08T14:40:40.122365+00:00,PLANNER,1586,visitall,instance-11.pddl,madagascar,TIMEOUT,/Users/danielehab/My Drive/ArchAware-PDDL-Configurator/logs/stage2/error_dumps/TIMEOUT/1586_TIMEOUT.txt
2026-05-08T14:45:35.235023+00:00,PLANNER,1595,snake,instance-07.pddl,lama,TIMEOUT,/Users/danielehab/My Drive/ArchAware-PDDL-Configurator/logs/stage2/error_dumps/TIMEOUT/1595_TIMEOUT.txt
2026-05-08T14:46:15.250056+00:00,PLANNER,1597,visitall,instance-12.pddl,decstar,TIMEOUT,/Users/danielehab/My Drive/ArchAware-PDDL-Configurator/logs/stage2/error_dumps/TIMEOUT/1597_TIMEOUT.txt
2026-05-08T14:46:40.552063+00:00,PLANNER,1598,visitall,instance-12.pddl,madagascar,TIMEOUT,/Users/danielehab/My Drive/ArchAware-PDDL-Configurator/logs/stage2/error_dumps/TIMEOUT/1598_TIMEOUT.txt
2026-05-08T14:51:35.235804+00:00,PLANNER,1600,snake,instance-08.pddl,lama,TIMEOUT,/Users/danielehab/My Drive/ArchAware-PDDL-Configurator/logs/stage2/error_dumps/TIMEOUT/1600_TIMEOUT.txt
2026-05-08T14:52:14.505681+00:00,PLANNER,1603,visitall,instance-13.pddl,decstar,TIMEOUT,/Users/danielehab/My Drive/ArchAware-PDDL-Configurator/logs/stage2/error_dumps/TIMEOUT/1603_TIMEOUT.txt
2026-05-08T14:52:40.984144+00:00,PLANNER,1604,visitall,instance-13.pddl,madagascar,TIMEOUT,/Users/danielehab/My Drive/ArchAware-PDDL-Configurator/logs/stage2/error_dumps/TIMEOUT/1604_TIMEOUT.txt
2026-05-08T14:57:35.002982+00:00,PLANNER,1605,snake,instance-09.pddl,lama,TIMEOUT,/Users/danielehab/My Drive/ArchAware-PDDL-Configurator/logs/stage2/error_dumps/TIMEOUT/1605_TIMEOUT.txt
2026-05-08T14:58:05.523965+00:00,PLANNER,1606,ricochet-robots,instance-04.pddl,bfws,TIMEOUT,/Users/danielehab/My Drive/ArchAware-PDDL-Configurator/logs/stage2/error_dumps/TIMEOUT/1606_TIMEOUT.txt
2026-05-08T14:58:13.740705+00:00,PLANNER,1607,visitall,instance-14.pddl,decstar,TIMEOUT,/Users/danielehab/My Drive/ArchAware-PDDL-Configurator/logs/stage2/error_dumps/TIMEOUT/1607_TIMEOUT.txt
2026-05-08T14:58:41.395049+00:00,PLANNER,1608,visitall,instance-14.pddl,madagascar,TIMEOUT,/Users/danielehab/My Drive/ArchAware-PDDL-Configurator/logs/stage2/error_dumps/TIMEOUT/1608_TIMEOUT.txt
2026-05-08T15:03:35.390891+00:00,PLANNER,1612,snake,instance-11.pddl,lama,TIMEOUT,/Users/danielehab/My Drive/ArchAware-PDDL-Configurator/logs/stage2/error_dumps/TIMEOUT/1612_TIMEOUT.txt
2026-05-08T15:04:13.040555+00:00,PLANNER,1613,visitall,instance-16.pddl,decstar,TIMEOUT,/Users/danielehab/My Drive/ArchAware-PDDL-Configurator/logs/stage2/error_dumps/TIMEOUT/1613_TIMEOUT.txt
2026-05-08T15:04:41.838340+00:00,PLANNER,1614,visitall,instance-16.pddl,madagascar,TIMEOUT,/Users/danielehab/My Drive/ArchAware-PDDL-Configurator/logs/stage2/error_dumps/TIMEOUT/1614_TIMEOUT.txt
2026-05-08T15:08:13.556170+00:00,PLANNER,1615,ricochet-robots,instance-11.pddl,bfws,TIMEOUT,/Users/danielehab/My Drive/ArchAware-PDDL-Configurator/logs/stage2/error_dumps/TIMEOUT/1615_TIMEOUT.txt
2026-05-08T15:09:35.259541+00:00,PLANNER,1616,snake,instance-12.pddl,lama,TIMEOUT,/Users/danielehab/My Drive/ArchAware-PDDL-Configurator/logs/stage2/error_dumps/TIMEOUT/1616_TIMEOUT.txt
2026-05-08T15:10:12.443138+00:00,PLANNER,1617,visitall,instance-17.pddl,decstar,TIMEOUT,/Users/danielehab/My Drive/ArchAware-PDDL-Configurator/logs/stage2/error_dumps/TIMEOUT/1617_TIMEOUT.txt
2026-05-08T15:10:42.259529+00:00,PLANNER,1619,visitall,instance-17.pddl,madagascar,TIMEOUT,/Users/danielehab/My Drive/ArchAware-PDDL-Configurator/logs/stage2/error_dumps/TIMEOUT/1619_TIMEOUT.txt
2026-05-08T15:15:35.702775+00:00,PLANNER,1621,snake,instance-13.pddl,lama,TIMEOUT,/Users/danielehab/My Drive/ArchAware-PDDL-Configurator/logs/stage2/error_dumps/TIMEOUT/1621_TIMEOUT.txt
2026-05-08T15:16:11.782385+00:00,PLANNER,1622,visitall,instance-18.pddl,decstar,TIMEOUT,/Users/danielehab/My Drive/ArchAware-PDDL-Configurator/logs/stage2/error_dumps/TIMEOUT/1622_TIMEOUT.txt
2026-05-08T15:16:42.693038+00:00,PLANNER,1623,visitall,instance-18.pddl,madagascar,TIMEOUT,/Users/danielehab/My Drive/ArchAware-PDDL-Configurator/logs/stage2/error_dumps/TIMEOUT/1623_TIMEOUT.txt
2026-05-08T15:21:29.377274+00:00,PLANNER,1624,ricochet-robots,instance-14.pddl,bfws,TIMEOUT,/Users/danielehab/My Drive/ArchAware-PDDL-Configurator/logs/stage2/error_dumps/TIMEOUT/1624_TIMEOUT.txt
2026-05-08T15:21:35.618560+00:00,PLANNER,1625,snake,instance-14.pddl,lama,TIMEOUT,/Users/danielehab/My Drive/ArchAware-PDDL-Configurator/logs/stage2/error_dumps/TIMEOUT/1625_TIMEOUT.txt
2026-05-08T15:22:11.474994+00:00,PLANNER,1626,visitall,instance-19.pddl,decstar,TIMEOUT,/Users/danielehab/My Drive/ArchAware-PDDL-Configurator/logs/stage2/error_dumps/TIMEOUT/1626_TIMEOUT.txt
2026-05-08T15:22:43.118735+00:00,PLANNER,1628,visitall,instance-19.pddl,madagascar,TIMEOUT,/Users/danielehab/My Drive/ArchAware-PDDL-Configurator/logs/stage2/error_dumps/TIMEOUT/1628_TIMEOUT.txt
2026-05-08T15:27:36.411615+00:00,PLANNER,1635,snake,instance-16.pddl,lama,TIMEOUT,/Users/danielehab/My Drive/ArchAware-PDDL-Configurator/logs/stage2/error_dumps/TIMEOUT/1635_TIMEOUT.txt
2026-05-08T15:29:04.144253+00:00,PLANNER,1636,snake,instance-04.pddl,madagascar,TIMEOUT,/Users/danielehab/My Drive/ArchAware-PDDL-Configurator/logs/stage2/error_dumps/TIMEOUT/1636_TIMEOUT.txt
2026-05-08T15:32:51.355141+00:00,PLANNER,1638,ricochet-robots,instance-17.pddl,bfws,TIMEOUT,/Users/danielehab/My Drive/ArchAware-PDDL-Configurator/logs/stage2/error_dumps/TIMEOUT/1638_TIMEOUT.txt
2026-05-08T15:32:53.411762+00:00,PLANNER,1639,snake,instance-04.pddl,decstar,TIMEOUT,/Users/danielehab/My Drive/ArchAware-PDDL-Configurator/logs/stage2/error_dumps/TIMEOUT/1639_TIMEOUT.txt
2026-05-08T15:33:36.178077+00:00,PLANNER,1640,snake,instance-17.pddl,lama,TIMEOUT,/Users/danielehab/My Drive/ArchAware-PDDL-Configurator/logs/stage2/error_dumps/TIMEOUT/1640_TIMEOUT.txt
2026-05-08T15:35:23.810162+00:00,PLANNER,1641,snake,instance-08.pddl,madagascar,TIMEOUT,/Users/danielehab/My Drive/ArchAware-PDDL-Configurator/logs/stage2/error_dumps/TIMEOUT/1641_TIMEOUT.txt
2026-05-08T15:38:51.815882+00:00,PLANNER,1642,ricochet-robots,instance-18.pddl,bfws,TIMEOUT,/Users/danielehab/My Drive/ArchAware-PDDL-Configurator/logs/stage2/error_dumps/TIMEOUT/1642_TIMEOUT.txt
2026-05-08T15:38:52.905661+00:00,PLANNER,1643,snake,instance-07.pddl,decstar,TIMEOUT,/Users/danielehab/My Drive/ArchAware-PDDL-Configurator/logs/stage2/error_dumps/TIMEOUT/1643_TIMEOUT.txt
2026-05-08T15:39:36.111009+00:00,PLANNER,1644,snake,instance-18.pddl,lama,TIMEOUT,/Users/danielehab/My Drive/ArchAware-PDDL-Configurator/logs/stage2/error_dumps/TIMEOUT/1644_TIMEOUT.txt
2026-05-08T15:41:24.301400+00:00,PLANNER,1645,snake,instance-09.pddl,madagascar,TIMEOUT,/Users/danielehab/My Drive/ArchAware-PDDL-Configurator/logs/stage2/error_dumps/TIMEOUT/1645_TIMEOUT.txt
2026-05-08T15:44:52.278727+00:00,PLANNER,1647,ricochet-robots,instance-19.pddl,bfws,TIMEOUT,/Users/danielehab/My Drive/ArchAware-PDDL-Configurator/logs/stage2/error_dumps/TIMEOUT/1647_TIMEOUT.txt
2026-05-08T15:44:52.468841+00:00,PLANNER,1648,snake,instance-08.pddl,decstar,TIMEOUT,/Users/danielehab/My Drive/ArchAware-PDDL-Configurator/logs/stage2/error_dumps/TIMEOUT/1648_TIMEOUT.txt
2026-05-08T15:45:35.958361+00:00,PLANNER,1649,snake,instance-19.pddl,lama,TIMEOUT,/Users/danielehab/My Drive/ArchAware-PDDL-Configurator/logs/stage2/error_dumps/TIMEOUT/1649_TIMEOUT.txt
2026-05-08T15:48:32.348244+00:00,PLANNER,1651,snake,instance-12.pddl,madagascar,TIMEOUT,/Users/danielehab/My Drive/ArchAware-PDDL-Configurator/logs/stage2/error_dumps/TIMEOUT/1651_TIMEOUT.txt
2026-05-08T15:50:52.164781+00:00,PLANNER,1653,snake,instance-09.pddl,decstar,TIMEOUT,/Users/danielehab/My Drive/ArchAware-PDDL-Configurator/logs/stage2/error_dumps/TIMEOUT/1653_TIMEOUT.txt
2026-05-08T15:54:32.849807+00:00,PLANNER,1657,snake,instance-13.pddl,madagascar,TIMEOUT,/Users/danielehab/My Drive/ArchAware-PDDL-Configurator/logs/stage2/error_dumps/TIMEOUT/1657_TIMEOUT.txt
2026-05-08T15:56:52.558714+00:00,PLANNER,1659,snake,instance-11.pddl,decstar,TIMEOUT,/Users/danielehab/My Drive/ArchAware-PDDL-Configurator/logs/stage2/error_dumps/TIMEOUT/1659_TIMEOUT.txt
2026-05-08T15:57:48.135011+00:00,PLANNER,1660,ricochet-robots,instance-04.pddl,bfws,TIMEOUT,/Users/danielehab/My Drive/ArchAware-PDDL-Configurator/logs/stage2/error_dumps/TIMEOUT/1660_TIMEOUT.txt
2026-05-08T16:00:33.353605+00:00,PLANNER,1661,snake,instance-14.pddl,madagascar,TIMEOUT,/Users/danielehab/My Drive/ArchAware-PDDL-Configurator/logs/stage2/error_dumps/TIMEOUT/1661_TIMEOUT.txt
2026-05-08T16:01:20.812023+00:00,PLANNER,1663,ricochet-robots,instance-04.pddl,lama,TIMEOUT,/Users/danielehab/My Drive/ArchAware-PDDL-Configurator/logs/stage2/error_dumps/TIMEOUT/1663_TIMEOUT.txt
2026-05-08T16:02:52.974422+00:00,PLANNER,1667,snake,instance-12.pddl,decstar,TIMEOUT,/Users/danielehab/My Drive/ArchAware-PDDL-Configurator/logs/stage2/error_dumps/TIMEOUT/1667_TIMEOUT.txt
2026-05-08T16:06:33.913282+00:00,PLANNER,1668,snake,instance-16.pddl,madagascar,TIMEOUT,/Users/danielehab/My Drive/ArchAware-PDDL-Configurator/logs/stage2/error_dumps/TIMEOUT/1668_TIMEOUT.txt
2026-05-08T16:08:13.797563+00:00,PLANNER,1669,ricochet-robots,instance-11.pddl,bfws,TIMEOUT,/Users/danielehab/My Drive/ArchAware-PDDL-Configurator/logs/stage2/error_dumps/TIMEOUT/1669_TIMEOUT.txt
2026-05-08T16:08:52.017778+00:00,PLANNER,1670,ricochet-robots,instance-08.pddl,lama,TIMEOUT,/Users/danielehab/My Drive/ArchAware-PDDL-Configurator/logs/stage2/error_dumps/TIMEOUT/1670_TIMEOUT.txt
2026-05-08T16:08:53.003292+00:00,PLANNER,1671,snake,instance-13.pddl,decstar,TIMEOUT,/Users/danielehab/My Drive/ArchAware-PDDL-Configurator/logs/stage2/error_dumps/TIMEOUT/1671_TIMEOUT.txt
2026-05-08T16:12:34.471135+00:00,PLANNER,1673,snake,instance-17.pddl,madagascar,TIMEOUT,/Users/danielehab/My Drive/ArchAware-PDDL-Configurator/logs/stage2/error_dumps/TIMEOUT/1673_TIMEOUT.txt
2026-05-08T16:14:52.182088+00:00,PLANNER,1674,snake,instance-14.pddl,decstar,TIMEOUT,/Users/danielehab/My Drive/ArchAware-PDDL-Configurator/logs/stage2/error_dumps/TIMEOUT/1674_TIMEOUT.txt
2026-05-08T16:14:52.571152+00:00,PLANNER,1675,ricochet-robots,instance-09.pddl,lama,TIMEOUT,/Users/danielehab/My Drive/ArchAware-PDDL-Configurator/logs/stage2/error_dumps/TIMEOUT/1675_TIMEOUT.txt
2026-05-08T16:18:35.001254+00:00,PLANNER,1677,snake,instance-18.pddl,madagascar,TIMEOUT,/Users/danielehab/My Drive/ArchAware-PDDL-Configurator/logs/stage2/error_dumps/TIMEOUT/1677_TIMEOUT.txt
2026-05-08T16:20:52.050046+00:00,PLANNER,1678,snake,instance-16.pddl,decstar,TIMEOUT,/Users/danielehab/My Drive/ArchAware-PDDL-Configurator/logs/stage2/error_dumps/TIMEOUT/1678_TIMEOUT.txt
2026-05-08T16:20:53.048758+00:00,PLANNER,1679,ricochet-robots,instance-11.pddl,lama,TIMEOUT,/Users/danielehab/My Drive/ArchAware-PDDL-Configurator/logs/stage2/error_dumps/TIMEOUT/1679_TIMEOUT.txt
2026-05-08T16:22:01.666776+00:00,PLANNER,1680,ricochet-robots,instance-14.pddl,bfws,TIMEOUT,/Users/danielehab/My Drive/ArchAware-PDDL-Configurator/logs/stage2/error_dumps/TIMEOUT/1680_TIMEOUT.txt
2026-05-08T16:24:35.536135+00:00,PLANNER,1681,snake,instance-19.pddl,madagascar,TIMEOUT,/Users/danielehab/My Drive/ArchAware-PDDL-Configurator/logs/stage2/error_dumps/TIMEOUT/1681_TIMEOUT.txt
2026-05-08T16:26:51.728166+00:00,PLANNER,1684,snake,instance-17.pddl,decstar,TIMEOUT,/Users/danielehab/My Drive/ArchAware-PDDL-Configurator/logs/stage2/error_dumps/TIMEOUT/1684_TIMEOUT.txt
2026-05-08T16:26:53.539726+00:00,PLANNER,1685,ricochet-robots,instance-12.pddl,lama,TIMEOUT,/Users/danielehab/My Drive/ArchAware-PDDL-Configurator/logs/stage2/error_dumps/TIMEOUT/1685_TIMEOUT.txt
2026-05-08T16:32:51.509523+00:00,PLANNER,1690,snake,instance-18.pddl,decstar,TIMEOUT,/Users/danielehab/My Drive/ArchAware-PDDL-Configurator/logs/stage2/error_dumps/TIMEOUT/1690_TIMEOUT.txt
2026-05-08T16:34:15.203632+00:00,PLANNER,1692,snake,instance-04.pddl,madagascar,TIMEOUT,/Users/danielehab/My Drive/ArchAware-PDDL-Configurator/logs/stage2/error_dumps/TIMEOUT/1692_TIMEOUT.txt
2026-05-08T16:38:51.142744+00:00,PLANNER,1695,snake,instance-19.pddl,decstar,TIMEOUT,/Users/danielehab/My Drive/ArchAware-PDDL-Configurator/logs/stage2/error_dumps/TIMEOUT/1695_TIMEOUT.txt
2026-05-08T16:39:52.909234+00:00,PLANNER,1696,ricochet-robots,instance-16.pddl,lama,TIMEOUT,/Users/danielehab/My Drive/ArchAware-PDDL-Configurator/logs/stage2/error_dumps/TIMEOUT/1696_TIMEOUT.txt
2026-05-08T16:40:34.542996+00:00,PLANNER,1697,snake,instance-08.pddl,madagascar,TIMEOUT,/Users/danielehab/My Drive/ArchAware-PDDL-Configurator/logs/stage2/error_dumps/TIMEOUT/1697_TIMEOUT.txt
2026-05-08T16:43:47.876151+00:00,PLANNER,1698,ricochet-robots,instance-19.pddl,bfws,TIMEOUT,/Users/danielehab/My Drive/ArchAware-PDDL-Configurator/logs/stage2/error_dumps/TIMEOUT/1698_TIMEOUT.txt
2026-05-08T16:44:50.404348+00:00,PLANNER,1714,visitall,instance-01.pddl,decstar,TIMEOUT,/Users/danielehab/My Drive/ArchAware-PDDL-Configurator/logs/stage2/error_dumps/TIMEOUT/1714_TIMEOUT.txt
2026-05-08T16:45:53.420156+00:00,PLANNER,1717,ricochet-robots,instance-17.pddl,lama,TIMEOUT,/Users/danielehab/My Drive/ArchAware-PDDL-Configurator/logs/stage2/error_dumps/TIMEOUT/1717_TIMEOUT.txt
2026-05-08T16:46:35.014361+00:00,PLANNER,1718,snake,instance-09.pddl,madagascar,TIMEOUT,/Users/danielehab/My Drive/ArchAware-PDDL-Configurator/logs/stage2/error_dumps/TIMEOUT/1718_TIMEOUT.txt
2026-05-08T16:50:49.802834+00:00,PLANNER,1726,visitall,instance-02.pddl,decstar,TIMEOUT,/Users/danielehab/My Drive/ArchAware-PDDL-Configurator/logs/stage2/error_dumps/TIMEOUT/1726_TIMEOUT.txt
2026-05-08T16:51:53.455355+00:00,PLANNER,1728,ricochet-robots,instance-18.pddl,lama,TIMEOUT,/Users/danielehab/My Drive/ArchAware-PDDL-Configurator/logs/stage2/error_dumps/TIMEOUT/1728_TIMEOUT.txt
2026-05-08T16:56:49.091923+00:00,PLANNER,1736,visitall,instance-03.pddl,decstar,TIMEOUT,/Users/danielehab/My Drive/ArchAware-PDDL-Configurator/logs/stage2/error_dumps/TIMEOUT/1736_TIMEOUT.txt
2026-05-08T16:57:54.145026+00:00,PLANNER,1739,ricochet-robots,instance-19.pddl,lama,TIMEOUT,/Users/danielehab/My Drive/ArchAware-PDDL-Configurator/logs/stage2/error_dumps/TIMEOUT/1739_TIMEOUT.txt
2026-05-08T16:58:31.616704+00:00,PLANNER,1761,snake,instance-13.pddl,madagascar,TIMEOUT,/Users/danielehab/My Drive/ArchAware-PDDL-Configurator/logs/stage2/error_dumps/TIMEOUT/1761_TIMEOUT.txt
2026-05-08T17:02:48.623222+00:00,PLANNER,1775,visitall,instance-04.pddl,decstar,TIMEOUT,/Users/danielehab/My Drive/ArchAware-PDDL-Configurator/logs/stage2/error_dumps/TIMEOUT/1775_TIMEOUT.txt
2026-05-08T17:04:32.123861+00:00,PLANNER,1777,snake,instance-14.pddl,madagascar,TIMEOUT,/Users/danielehab/My Drive/ArchAware-PDDL-Configurator/logs/stage2/error_dumps/TIMEOUT/1777_TIMEOUT.txt
2026-05-08T17:07:39.712486+00:00,PLANNER,1779,snake,instance-03.pddl,lama,TIMEOUT,/Users/danielehab/My Drive/ArchAware-PDDL-Configurator/logs/stage2/error_dumps/TIMEOUT/1779_TIMEOUT.txt
2026-05-08T17:08:48.493692+00:00,PLANNER,1780,visitall,instance-07.pddl,decstar,TIMEOUT,/Users/danielehab/My Drive/ArchAware-PDDL-Configurator/logs/stage2/error_dumps/TIMEOUT/1780_TIMEOUT.txt
2026-05-08T17:12:59.167999+00:00,PLANNER,1782,snake,instance-09.pddl,bfws,TIMEOUT,/Users/danielehab/My Drive/ArchAware-PDDL-Configurator/logs/stage2/error_dumps/TIMEOUT/1782_TIMEOUT.txt
2026-05-08T17:13:39.448496+00:00,PLANNER,1783,snake,instance-04.pddl,lama,TIMEOUT,/Users/danielehab/My Drive/ArchAware-PDDL-Configurator/logs/stage2/error_dumps/TIMEOUT/1783_TIMEOUT.txt
2026-05-08T17:14:47.494846+00:00,PLANNER,1784,visitall,instance-08.pddl,decstar,TIMEOUT,/Users/danielehab/My Drive/ArchAware-PDDL-Configurator/logs/stage2/error_dumps/TIMEOUT/1784_TIMEOUT.txt
2026-05-08T17:14:57.312445+00:00,PLANNER,1785,snake,instance-17.pddl,madagascar,TIMEOUT,/Users/danielehab/My Drive/ArchAware-PDDL-Configurator/logs/stage2/error_dumps/TIMEOUT/1785_TIMEOUT.txt
2026-05-08T17:19:39.231409+00:00,PLANNER,1787,snake,instance-07.pddl,lama,TIMEOUT,/Users/danielehab/My Drive/ArchAware-PDDL-Configurator/logs/stage2/error_dumps/TIMEOUT/1787_TIMEOUT.txt
2026-05-08T17:20:46.580621+00:00,PLANNER,1788,visitall,instance-09.pddl,decstar,TIMEOUT,/Users/danielehab/My Drive/ArchAware-PDDL-Configurator/logs/stage2/error_dumps/TIMEOUT/1788_TIMEOUT.txt
2026-05-08T17:20:57.901881+00:00,PLANNER,1789,snake,instance-18.pddl,madagascar,TIMEOUT,/Users/danielehab/My Drive/ArchAware-PDDL-Configurator/logs/stage2/error_dumps/TIMEOUT/1789_TIMEOUT.txt
2026-05-08T17:24:58.262446+00:00,PLANNER,1790,snake,instance-12.pddl,bfws,TIMEOUT,/Users/danielehab/My Drive/ArchAware-PDDL-Configurator/logs/stage2/error_dumps/TIMEOUT/1790_TIMEOUT.txt
2026-05-08T17:25:39.376799+00:00,PLANNER,1791,snake,instance-08.pddl,lama,TIMEOUT,/Users/danielehab/My Drive/ArchAware-PDDL-Configurator/logs/stage2/error_dumps/TIMEOUT/1791_TIMEOUT.txt
2026-05-08T17:26:45.736445+00:00,PLANNER,1792,visitall,instance-11.pddl,decstar,TIMEOUT,/Users/danielehab/My Drive/ArchAware-PDDL-Configurator/logs/stage2/error_dumps/TIMEOUT/1792_TIMEOUT.txt
2026-05-08T17:26:58.463461+00:00,PLANNER,1793,snake,instance-19.pddl,madagascar,TIMEOUT,/Users/danielehab/My Drive/ArchAware-PDDL-Configurator/logs/stage2/error_dumps/TIMEOUT/1793_TIMEOUT.txt
2026-05-08T17:30:58.700739+00:00,PLANNER,1794,snake,instance-13.pddl,bfws,TIMEOUT,/Users/danielehab/My Drive/ArchAware-PDDL-Configurator/logs/stage2/error_dumps/TIMEOUT/1794_TIMEOUT.txt
2026-05-08T17:31:39.183600+00:00,PLANNER,1795,snake,instance-09.pddl,lama,TIMEOUT,/Users/danielehab/My Drive/ArchAware-PDDL-Configurator/logs/stage2/error_dumps/TIMEOUT/1795_TIMEOUT.txt
2026-05-08T17:32:44.907767+00:00,PLANNER,1796,visitall,instance-12.pddl,decstar,TIMEOUT,/Users/danielehab/My Drive/ArchAware-PDDL-Configurator/logs/stage2/error_dumps/TIMEOUT/1796_TIMEOUT.txt
2026-05-08T17:32:58.933726+00:00,PLANNER,1797,visitall,instance-01.pddl,madagascar,TIMEOUT,/Users/danielehab/My Drive/ArchAware-PDDL-Configurator/logs/stage2/error_dumps/TIMEOUT/1797_TIMEOUT.txt
2026-05-08T17:36:59.157251+00:00,PLANNER,1798,snake,instance-14.pddl,bfws,TIMEOUT,/Users/danielehab/My Drive/ArchAware-PDDL-Configurator/logs/stage2/error_dumps/TIMEOUT/1798_TIMEOUT.txt
2026-05-08T17:37:39.693640+00:00,PLANNER,1799,snake,instance-11.pddl,lama,TIMEOUT,/Users/danielehab/My Drive/ArchAware-PDDL-Configurator/logs/stage2/error_dumps/TIMEOUT/1799_TIMEOUT.txt
2026-05-08T17:38:44.109001+00:00,PLANNER,1800,visitall,instance-13.pddl,decstar,TIMEOUT,/Users/danielehab/My Drive/ArchAware-PDDL-Configurator/logs/stage2/error_dumps/TIMEOUT/1800_TIMEOUT.txt
2026-05-08T17:38:59.443732+00:00,PLANNER,1801,visitall,instance-02.pddl,madagascar,TIMEOUT,/Users/danielehab/My Drive/ArchAware-PDDL-Configurator/logs/stage2/error_dumps/TIMEOUT/1801_TIMEOUT.txt
2026-05-08T17:42:59.610295+00:00,PLANNER,1802,snake,instance-16.pddl,bfws,TIMEOUT,/Users/danielehab/My Drive/ArchAware-PDDL-Configurator/logs/stage2/error_dumps/TIMEOUT/1802_TIMEOUT.txt
2026-05-08T17:43:39.614038+00:00,PLANNER,1803,snake,instance-12.pddl,lama,TIMEOUT,/Users/danielehab/My Drive/ArchAware-PDDL-Configurator/logs/stage2/error_dumps/TIMEOUT/1803_TIMEOUT.txt
2026-05-08T17:44:43.380334+00:00,PLANNER,1804,visitall,instance-14.pddl,decstar,TIMEOUT,/Users/danielehab/My Drive/ArchAware-PDDL-Configurator/logs/stage2/error_dumps/TIMEOUT/1804_TIMEOUT.txt
2026-05-08T17:44:59.928448+00:00,PLANNER,1805,visitall,instance-03.pddl,madagascar,TIMEOUT,/Users/danielehab/My Drive/ArchAware-PDDL-Configurator/logs/stage2/error_dumps/TIMEOUT/1805_TIMEOUT.txt
2026-05-08T17:49:00.049208+00:00,PLANNER,1806,snake,instance-17.pddl,bfws,TIMEOUT,/Users/danielehab/My Drive/ArchAware-PDDL-Configurator/logs/stage2/error_dumps/TIMEOUT/1806_TIMEOUT.txt
2026-05-08T17:49:40.068947+00:00,PLANNER,1807,snake,instance-13.pddl,lama,TIMEOUT,/Users/danielehab/My Drive/ArchAware-PDDL-Configurator/logs/stage2/error_dumps/TIMEOUT/1807_TIMEOUT.txt
2026-05-08T17:50:42.681155+00:00,PLANNER,1808,visitall,instance-16.pddl,decstar,TIMEOUT,/Users/danielehab/My Drive/ArchAware-PDDL-Configurator/logs/stage2/error_dumps/TIMEOUT/1808_TIMEOUT.txt
2026-05-08T17:51:00.449024+00:00,PLANNER,1809,visitall,instance-04.pddl,madagascar,TIMEOUT,/Users/danielehab/My Drive/ArchAware-PDDL-Configurator/logs/stage2/error_dumps/TIMEOUT/1809_TIMEOUT.txt
2026-05-08T17:55:00.493664+00:00,PLANNER,1810,snake,instance-18.pddl,bfws,TIMEOUT,/Users/danielehab/My Drive/ArchAware-PDDL-Configurator/logs/stage2/error_dumps/TIMEOUT/1810_TIMEOUT.txt
2026-05-08T17:55:40.466269+00:00,PLANNER,1811,snake,instance-14.pddl,lama,TIMEOUT,/Users/danielehab/My Drive/ArchAware-PDDL-Configurator/logs/stage2/error_dumps/TIMEOUT/1811_TIMEOUT.txt
2026-05-08T17:56:42.032662+00:00,PLANNER,1812,visitall,instance-17.pddl,decstar,TIMEOUT,/Users/danielehab/My Drive/ArchAware-PDDL-Configurator/logs/stage2/error_dumps/TIMEOUT/1812_TIMEOUT.txt
2026-05-08T17:57:00.873428+00:00,PLANNER,1813,visitall,instance-07.pddl,madagascar,TIMEOUT,/Users/danielehab/My Drive/ArchAware-PDDL-Configurator/logs/stage2/error_dumps/TIMEOUT/1813_TIMEOUT.txt
2026-05-08T18:01:00.938762+00:00,PLANNER,1814,snake,instance-19.pddl,bfws,TIMEOUT,/Users/danielehab/My Drive/ArchAware-PDDL-Configurator/logs/stage2/error_dumps/TIMEOUT/1814_TIMEOUT.txt
2026-05-08T18:01:41.056761+00:00,PLANNER,1815,snake,instance-16.pddl,lama,TIMEOUT,/Users/danielehab/My Drive/ArchAware-PDDL-Configurator/logs/stage2/error_dumps/TIMEOUT/1815_TIMEOUT.txt
2026-05-08T18:02:41.348279+00:00,PLANNER,1818,visitall,instance-18.pddl,decstar,TIMEOUT,/Users/danielehab/My Drive/ArchAware-PDDL-Configurator/logs/stage2/error_dumps/TIMEOUT/1818_TIMEOUT.txt
2026-05-08T18:03:01.298713+00:00,PLANNER,1819,visitall,instance-08.pddl,madagascar,TIMEOUT,/Users/danielehab/My Drive/ArchAware-PDDL-Configurator/logs/stage2/error_dumps/TIMEOUT/1819_TIMEOUT.txt
2026-05-08T18:07:41.277112+00:00,PLANNER,1826,snake,instance-17.pddl,lama,TIMEOUT,/Users/danielehab/My Drive/ArchAware-PDDL-Configurator/logs/stage2/error_dumps/TIMEOUT/1826_TIMEOUT.txt
2026-05-08T18:08:40.821375+00:00,PLANNER,1828,visitall,instance-19.pddl,decstar,TIMEOUT,/Users/danielehab/My Drive/ArchAware-PDDL-Configurator/logs/stage2/error_dumps/TIMEOUT/1828_TIMEOUT.txt
2026-05-08T18:09:01.723109+00:00,PLANNER,1829,visitall,instance-09.pddl,madagascar,TIMEOUT,/Users/danielehab/My Drive/ArchAware-PDDL-Configurator/logs/stage2/error_dumps/TIMEOUT/1829_TIMEOUT.txt
2026-05-08T18:13:41.616940+00:00,PLANNER,1835,snake,instance-18.pddl,lama,TIMEOUT,/Users/danielehab/My Drive/ArchAware-PDDL-Configurator/logs/stage2/error_dumps/TIMEOUT/1835_TIMEOUT.txt
2026-05-08T18:14:40.173565+00:00,PLANNER,1837,visitall,instance-01.pddl,decstar,TIMEOUT,/Users/danielehab/My Drive/ArchAware-PDDL-Configurator/logs/stage2/error_dumps/TIMEOUT/1837_TIMEOUT.txt
2026-05-08T18:15:02.133511+00:00,PLANNER,1838,visitall,instance-11.pddl,madagascar,TIMEOUT,/Users/danielehab/My Drive/ArchAware-PDDL-Configurator/logs/stage2/error_dumps/TIMEOUT/1838_TIMEOUT.txt
2026-05-08T18:19:41.764067+00:00,PLANNER,1842,snake,instance-19.pddl,lama,TIMEOUT,/Users/danielehab/My Drive/ArchAware-PDDL-Configurator/logs/stage2/error_dumps/TIMEOUT/1842_TIMEOUT.txt
2026-05-08T18:20:39.658451+00:00,PLANNER,1859,visitall,instance-02.pddl,decstar,TIMEOUT,/Users/danielehab/My Drive/ArchAware-PDDL-Configurator/logs/stage2/error_dumps/TIMEOUT/1859_TIMEOUT.txt
2026-05-08T18:21:02.571938+00:00,PLANNER,1864,visitall,instance-12.pddl,madagascar,TIMEOUT,/Users/danielehab/My Drive/ArchAware-PDDL-Configurator/logs/stage2/error_dumps/TIMEOUT/1864_TIMEOUT.txt
2026-05-08T18:26:39.057052+00:00,PLANNER,1879,visitall,instance-03.pddl,decstar,TIMEOUT,/Users/danielehab/My Drive/ArchAware-PDDL-Configurator/logs/stage2/error_dumps/TIMEOUT/1879_TIMEOUT.txt
2026-05-08T18:27:02.985577+00:00,PLANNER,1880,visitall,instance-13.pddl,madagascar,TIMEOUT,/Users/danielehab/My Drive/ArchAware-PDDL-Configurator/logs/stage2/error_dumps/TIMEOUT/1880_TIMEOUT.txt
2026-05-08T18:30:22.028789+00:00,PLANNER,1883,snake,instance-03.pddl,lama,TIMEOUT,/Users/danielehab/My Drive/ArchAware-PDDL-Configurator/logs/stage2/error_dumps/TIMEOUT/1883_TIMEOUT.txt
2026-05-08T18:32:38.426655+00:00,PLANNER,1884,visitall,instance-04.pddl,decstar,TIMEOUT,/Users/danielehab/My Drive/ArchAware-PDDL-Configurator/logs/stage2/error_dumps/TIMEOUT/1884_TIMEOUT.txt
2026-05-08T18:33:03.388983+00:00,PLANNER,1885,visitall,instance-14.pddl,madagascar,TIMEOUT,/Users/danielehab/My Drive/ArchAware-PDDL-Configurator/logs/stage2/error_dumps/TIMEOUT/1885_TIMEOUT.txt
2026-05-08T18:36:22.622201+00:00,PLANNER,1888,snake,instance-04.pddl,lama,TIMEOUT,/Users/danielehab/My Drive/ArchAware-PDDL-Configurator/logs/stage2/error_dumps/TIMEOUT/1888_TIMEOUT.txt
2026-05-08T18:38:38.357615+00:00,PLANNER,1889,visitall,instance-07.pddl,decstar,TIMEOUT,/Users/danielehab/My Drive/ArchAware-PDDL-Configurator/logs/stage2/error_dumps/TIMEOUT/1889_TIMEOUT.txt
2026-05-08T18:39:03.790867+00:00,PLANNER,1890,visitall,instance-16.pddl,madagascar,TIMEOUT,/Users/danielehab/My Drive/ArchAware-PDDL-Configurator/logs/stage2/error_dumps/TIMEOUT/1890_TIMEOUT.txt
2026-05-08T18:42:23.229537+00:00,PLANNER,1892,snake,instance-07.pddl,lama,TIMEOUT,/Users/danielehab/My Drive/ArchAware-PDDL-Configurator/logs/stage2/error_dumps/TIMEOUT/1892_TIMEOUT.txt
2026-05-08T18:44:37.533140+00:00,PLANNER,1893,visitall,instance-08.pddl,decstar,TIMEOUT,/Users/danielehab/My Drive/ArchAware-PDDL-Configurator/logs/stage2/error_dumps/TIMEOUT/1893_TIMEOUT.txt
2026-05-08T18:45:04.213608+00:00,PLANNER,1894,visitall,instance-17.pddl,madagascar,TIMEOUT,/Users/danielehab/My Drive/ArchAware-PDDL-Configurator/logs/stage2/error_dumps/TIMEOUT/1894_TIMEOUT.txt
2026-05-08T18:46:10.403973+00:00,PLANNER,1895,ricochet-robots,instance-14.pddl,bfws,TIMEOUT,/Users/danielehab/My Drive/ArchAware-PDDL-Configurator/logs/stage2/error_dumps/TIMEOUT/1895_TIMEOUT.txt
2026-05-08T18:48:23.229082+00:00,PLANNER,1896,snake,instance-08.pddl,lama,TIMEOUT,/Users/danielehab/My Drive/ArchAware-PDDL-Configurator/logs/stage2/error_dumps/TIMEOUT/1896_TIMEOUT.txt
2026-05-08T18:50:36.523963+00:00,PLANNER,1897,visitall,instance-09.pddl,decstar,TIMEOUT,/Users/danielehab/My Drive/ArchAware-PDDL-Configurator/logs/stage2/error_dumps/TIMEOUT/1897_TIMEOUT.txt
2026-05-08T18:51:04.638381+00:00,PLANNER,1898,visitall,instance-18.pddl,madagascar,TIMEOUT,/Users/danielehab/My Drive/ArchAware-PDDL-Configurator/logs/stage2/error_dumps/TIMEOUT/1898_TIMEOUT.txt
2026-05-08T18:54:23.009608+00:00,PLANNER,1900,snake,instance-09.pddl,lama,TIMEOUT,/Users/danielehab/My Drive/ArchAware-PDDL-Configurator/logs/stage2/error_dumps/TIMEOUT/1900_TIMEOUT.txt
2026-05-08T18:56:35.688717+00:00,PLANNER,1901,visitall,instance-11.pddl,decstar,TIMEOUT,/Users/danielehab/My Drive/ArchAware-PDDL-Configurator/logs/stage2/error_dumps/TIMEOUT/1901_TIMEOUT.txt
2026-05-08T18:57:05.067926+00:00,PLANNER,1902,visitall,instance-19.pddl,madagascar,TIMEOUT,/Users/danielehab/My Drive/ArchAware-PDDL-Configurator/logs/stage2/error_dumps/TIMEOUT/1902_TIMEOUT.txt
2026-05-08T18:57:37.834405+00:00,PLANNER,1903,ricochet-robots,instance-17.pddl,bfws,TIMEOUT,/Users/danielehab/My Drive/ArchAware-PDDL-Configurator/logs/stage2/error_dumps/TIMEOUT/1903_TIMEOUT.txt
2026-05-08T19:00:23.484171+00:00,PLANNER,1904,snake,instance-11.pddl,lama,TIMEOUT,/Users/danielehab/My Drive/ArchAware-PDDL-Configurator/logs/stage2/error_dumps/TIMEOUT/1904_TIMEOUT.txt
2026-05-08T19:02:35.000662+00:00,PLANNER,1905,visitall,instance-12.pddl,decstar,TIMEOUT,/Users/danielehab/My Drive/ArchAware-PDDL-Configurator/logs/stage2/error_dumps/TIMEOUT/1905_TIMEOUT.txt
2026-05-08T19:03:05.523235+00:00,PLANNER,1906,ricochet-robots,instance-01.pddl,madagascar,TIMEOUT,/Users/danielehab/My Drive/ArchAware-PDDL-Configurator/logs/stage2/error_dumps/TIMEOUT/1906_TIMEOUT.txt
2026-05-08T19:03:38.287660+00:00,PLANNER,1907,ricochet-robots,instance-18.pddl,bfws,TIMEOUT,/Users/danielehab/My Drive/ArchAware-PDDL-Configurator/logs/stage2/error_dumps/TIMEOUT/1907_TIMEOUT.txt
2026-05-08T19:06:23.400450+00:00,PLANNER,1908,snake,instance-12.pddl,lama,TIMEOUT,/Users/danielehab/My Drive/ArchAware-PDDL-Configurator/logs/stage2/error_dumps/TIMEOUT/1908_TIMEOUT.txt
2026-05-08T19:08:34.353683+00:00,PLANNER,1909,visitall,instance-13.pddl,decstar,TIMEOUT,/Users/danielehab/My Drive/ArchAware-PDDL-Configurator/logs/stage2/error_dumps/TIMEOUT/1909_TIMEOUT.txt
2026-05-08T19:09:05.984658+00:00,PLANNER,1910,ricochet-robots,instance-02.pddl,madagascar,TIMEOUT,/Users/danielehab/My Drive/ArchAware-PDDL-Configurator/logs/stage2/error_dumps/TIMEOUT/1910_TIMEOUT.txt
2026-05-08T19:09:38.725838+00:00,PLANNER,1911,ricochet-robots,instance-19.pddl,bfws,TIMEOUT,/Users/danielehab/My Drive/ArchAware-PDDL-Configurator/logs/stage2/error_dumps/TIMEOUT/1911_TIMEOUT.txt
2026-05-08T19:12:24.073668+00:00,PLANNER,1915,snake,instance-13.pddl,lama,TIMEOUT,/Users/danielehab/My Drive/ArchAware-PDDL-Configurator/logs/stage2/error_dumps/TIMEOUT/1915_TIMEOUT.txt
2026-05-08T19:14:33.838000+00:00,PLANNER,1917,visitall,instance-14.pddl,decstar,TIMEOUT,/Users/danielehab/My Drive/ArchAware-PDDL-Configurator/logs/stage2/error_dumps/TIMEOUT/1917_TIMEOUT.txt
2026-05-08T19:15:06.444568+00:00,PLANNER,1918,ricochet-robots,instance-03.pddl,madagascar,TIMEOUT,/Users/danielehab/My Drive/ArchAware-PDDL-Configurator/logs/stage2/error_dumps/TIMEOUT/1918_TIMEOUT.txt
2026-05-08T19:18:24.486210+00:00,PLANNER,1920,snake,instance-14.pddl,lama,TIMEOUT,/Users/danielehab/My Drive/ArchAware-PDDL-Configurator/logs/stage2/error_dumps/TIMEOUT/1920_TIMEOUT.txt
2026-05-08T19:20:33.146419+00:00,PLANNER,1922,visitall,instance-16.pddl,decstar,TIMEOUT,/Users/danielehab/My Drive/ArchAware-PDDL-Configurator/logs/stage2/error_dumps/TIMEOUT/1922_TIMEOUT.txt
2026-05-08T19:21:06.906150+00:00,PLANNER,1923,ricochet-robots,instance-04.pddl,madagascar,TIMEOUT,/Users/danielehab/My Drive/ArchAware-PDDL-Configurator/logs/stage2/error_dumps/TIMEOUT/1923_TIMEOUT.txt
2026-05-08T19:24:24.183362+00:00,PLANNER,1924,snake,instance-16.pddl,lama,TIMEOUT,/Users/danielehab/My Drive/ArchAware-PDDL-Configurator/logs/stage2/error_dumps/TIMEOUT/1924_TIMEOUT.txt
2026-05-08T19:26:32.552215+00:00,PLANNER,1926,visitall,instance-17.pddl,decstar,TIMEOUT,/Users/danielehab/My Drive/ArchAware-PDDL-Configurator/logs/stage2/error_dumps/TIMEOUT/1926_TIMEOUT.txt
2026-05-08T19:27:07.372746+00:00,PLANNER,1927,ricochet-robots,instance-07.pddl,madagascar,TIMEOUT,/Users/danielehab/My Drive/ArchAware-PDDL-Configurator/logs/stage2/error_dumps/TIMEOUT/1927_TIMEOUT.txt
2026-05-08T19:30:24.856130+00:00,PLANNER,1928,snake,instance-17.pddl,lama,TIMEOUT,/Users/danielehab/My Drive/ArchAware-PDDL-Configurator/logs/stage2/error_dumps/TIMEOUT/1928_TIMEOUT.txt
2026-05-08T19:30:50.018582+00:00,PLANNER,1929,snake,instance-11.pddl,bfws,TIMEOUT,/Users/danielehab/My Drive/ArchAware-PDDL-Configurator/logs/stage2/error_dumps/TIMEOUT/1929_TIMEOUT.txt
2026-05-08T19:32:31.957121+00:00,PLANNER,1930,visitall,instance-18.pddl,decstar,TIMEOUT,/Users/danielehab/My Drive/ArchAware-PDDL-Configurator/logs/stage2/error_dumps/TIMEOUT/1930_TIMEOUT.txt
2026-05-08T19:33:07.848262+00:00,PLANNER,1931,ricochet-robots,instance-08.pddl,madagascar,TIMEOUT,/Users/danielehab/My Drive/ArchAware-PDDL-Configurator/logs/stage2/error_dumps/TIMEOUT/1931_TIMEOUT.txt
2026-05-08T19:36:24.711537+00:00,PLANNER,1932,snake,instance-18.pddl,lama,TIMEOUT,/Users/danielehab/My Drive/ArchAware-PDDL-Configurator/logs/stage2/error_dumps/TIMEOUT/1932_TIMEOUT.txt
2026-05-08T19:36:50.445502+00:00,PLANNER,1933,snake,instance-12.pddl,bfws,TIMEOUT,/Users/danielehab/My Drive/ArchAware-PDDL-Configurator/logs/stage2/error_dumps/TIMEOUT/1933_TIMEOUT.txt
2026-05-08T19:38:31.519978+00:00,PLANNER,1934,visitall,instance-19.pddl,decstar,TIMEOUT,/Users/danielehab/My Drive/ArchAware-PDDL-Configurator/logs/stage2/error_dumps/TIMEOUT/1934_TIMEOUT.txt
2026-05-08T19:39:08.331215+00:00,PLANNER,1936,ricochet-robots,instance-09.pddl,madagascar,TIMEOUT,/Users/danielehab/My Drive/ArchAware-PDDL-Configurator/logs/stage2/error_dumps/TIMEOUT/1936_TIMEOUT.txt
2026-05-08T19:42:24.590804+00:00,PLANNER,1938,snake,instance-19.pddl,lama,TIMEOUT,/Users/danielehab/My Drive/ArchAware-PDDL-Configurator/logs/stage2/error_dumps/TIMEOUT/1938_TIMEOUT.txt
2026-05-08T19:42:50.859186+00:00,PLANNER,1939,snake,instance-13.pddl,bfws,TIMEOUT,/Users/danielehab/My Drive/ArchAware-PDDL-Configurator/logs/stage2/error_dumps/TIMEOUT/1939_TIMEOUT.txt
2026-05-08T19:45:08.779036+00:00,PLANNER,1941,ricochet-robots,instance-11.pddl,madagascar,TIMEOUT,/Users/danielehab/My Drive/ArchAware-PDDL-Configurator/logs/stage2/error_dumps/TIMEOUT/1941_TIMEOUT.txt
2026-05-08T19:48:51.295753+00:00,PLANNER,1943,snake,instance-14.pddl,bfws,TIMEOUT,/Users/danielehab/My Drive/ArchAware-PDDL-Configurator/logs/stage2/error_dumps/TIMEOUT/1943_TIMEOUT.txt
2026-05-08T19:49:05.651819+00:00,PLANNER,1944,snake,instance-04.pddl,decstar,TIMEOUT,/Users/danielehab/My Drive/ArchAware-PDDL-Configurator/logs/stage2/error_dumps/TIMEOUT/1944_TIMEOUT.txt
2026-05-08T19:51:09.227198+00:00,PLANNER,1946,ricochet-robots,instance-12.pddl,madagascar,TIMEOUT,/Users/danielehab/My Drive/ArchAware-PDDL-Configurator/logs/stage2/error_dumps/TIMEOUT/1946_TIMEOUT.txt
2026-05-08T19:54:51.729750+00:00,PLANNER,1948,snake,instance-16.pddl,bfws,TIMEOUT,/Users/danielehab/My Drive/ArchAware-PDDL-Configurator/logs/stage2/error_dumps/TIMEOUT/1948_TIMEOUT.txt
2026-05-08T19:55:05.681343+00:00,PLANNER,1949,snake,instance-07.pddl,decstar,TIMEOUT,/Users/danielehab/My Drive/ArchAware-PDDL-Configurator/logs/stage2/error_dumps/TIMEOUT/1949_TIMEOUT.txt
2026-05-08T19:57:09.685796+00:00,PLANNER,1950,ricochet-robots,instance-13.pddl,madagascar,TIMEOUT,/Users/danielehab/My Drive/ArchAware-PDDL-Configurator/logs/stage2/error_dumps/TIMEOUT/1950_TIMEOUT.txt
2026-05-08T19:58:04.957561+00:00,PLANNER,1951,ricochet-robots,instance-04.pddl,lama,TIMEOUT,/Users/danielehab/My Drive/ArchAware-PDDL-Configurator/logs/stage2/error_dumps/TIMEOUT/1951_TIMEOUT.txt
2026-05-08T20:00:52.165078+00:00,PLANNER,1953,snake,instance-17.pddl,bfws,TIMEOUT,/Users/danielehab/My Drive/ArchAware-PDDL-Configurator/logs/stage2/error_dumps/TIMEOUT/1953_TIMEOUT.txt
2026-05-08T20:01:05.795762+00:00,PLANNER,1954,snake,instance-08.pddl,decstar,TIMEOUT,/Users/danielehab/My Drive/ArchAware-PDDL-Configurator/logs/stage2/error_dumps/TIMEOUT/1954_TIMEOUT.txt
2026-05-08T20:03:10.146279+00:00,PLANNER,1955,ricochet-robots,instance-14.pddl,madagascar,TIMEOUT,/Users/danielehab/My Drive/ArchAware-PDDL-Configurator/logs/stage2/error_dumps/TIMEOUT/1955_TIMEOUT.txt
2026-05-08T20:05:35.258268+00:00,PLANNER,1956,ricochet-robots,instance-08.pddl,lama,TIMEOUT,/Users/danielehab/My Drive/ArchAware-PDDL-Configurator/logs/stage2/error_dumps/TIMEOUT/1956_TIMEOUT.txt
2026-05-08T20:06:52.621748+00:00,PLANNER,1957,snake,instance-18.pddl,bfws,TIMEOUT,/Users/danielehab/My Drive/ArchAware-PDDL-Configurator/logs/stage2/error_dumps/TIMEOUT/1957_TIMEOUT.txt
2026-05-08T20:07:05.322133+00:00,PLANNER,1958,snake,instance-09.pddl,decstar,TIMEOUT,/Users/danielehab/My Drive/ArchAware-PDDL-Configurator/logs/stage2/error_dumps/TIMEOUT/1958_TIMEOUT.txt
2026-05-08T20:09:10.615714+00:00,PLANNER,1959,ricochet-robots,instance-16.pddl,madagascar,TIMEOUT,/Users/danielehab/My Drive/ArchAware-PDDL-Configurator/logs/stage2/error_dumps/TIMEOUT/1959_TIMEOUT.txt
2026-05-08T20:11:35.989531+00:00,PLANNER,1960,ricochet-robots,instance-09.pddl,lama,TIMEOUT,/Users/danielehab/My Drive/ArchAware-PDDL-Configurator/logs/stage2/error_dumps/TIMEOUT/1960_TIMEOUT.txt
2026-05-08T20:12:53.078629+00:00,PLANNER,1961,snake,instance-19.pddl,bfws,TIMEOUT,/Users/danielehab/My Drive/ArchAware-PDDL-Configurator/logs/stage2/error_dumps/TIMEOUT/1961_TIMEOUT.txt
2026-05-08T20:13:05.704446+00:00,PLANNER,1968,snake,instance-11.pddl,decstar,TIMEOUT,/Users/danielehab/My Drive/ArchAware-PDDL-Configurator/logs/stage2/error_dumps/TIMEOUT/1968_TIMEOUT.txt
2026-05-08T20:15:11.074304+00:00,PLANNER,1978,ricochet-robots,instance-17.pddl,madagascar,TIMEOUT,/Users/danielehab/My Drive/ArchAware-PDDL-Configurator/logs/stage2/error_dumps/TIMEOUT/1978_TIMEOUT.txt
2026-05-08T20:17:36.690625+00:00,PLANNER,1980,ricochet-robots,instance-11.pddl,lama,TIMEOUT,/Users/danielehab/My Drive/ArchAware-PDDL-Configurator/logs/stage2/error_dumps/TIMEOUT/1980_TIMEOUT.txt
2026-05-08T20:19:06.217195+00:00,PLANNER,1981,snake,instance-12.pddl,decstar,TIMEOUT,/Users/danielehab/My Drive/ArchAware-PDDL-Configurator/logs/stage2/error_dumps/TIMEOUT/1981_TIMEOUT.txt
2026-05-08T20:21:11.553880+00:00,PLANNER,1984,ricochet-robots,instance-18.pddl,madagascar,TIMEOUT,/Users/danielehab/My Drive/ArchAware-PDDL-Configurator/logs/stage2/error_dumps/TIMEOUT/1984_TIMEOUT.txt
2026-05-08T20:23:37.289826+00:00,PLANNER,1985,ricochet-robots,instance-12.pddl,lama,TIMEOUT,/Users/danielehab/My Drive/ArchAware-PDDL-Configurator/logs/stage2/error_dumps/TIMEOUT/1985_TIMEOUT.txt
2026-05-08T20:25:06.390969+00:00,PLANNER,1987,snake,instance-13.pddl,decstar,TIMEOUT,/Users/danielehab/My Drive/ArchAware-PDDL-Configurator/logs/stage2/error_dumps/TIMEOUT/1987_TIMEOUT.txt
2026-05-08T20:26:44.913901+00:00,PLANNER,1988,ricochet-robots,instance-04.pddl,bfws,TIMEOUT,/Users/danielehab/My Drive/ArchAware-PDDL-Configurator/logs/stage2/error_dumps/TIMEOUT/1988_TIMEOUT.txt
2026-05-08T20:27:12.049897+00:00,PLANNER,1989,ricochet-robots,instance-19.pddl,madagascar,TIMEOUT,/Users/danielehab/My Drive/ArchAware-PDDL-Configurator/logs/stage2/error_dumps/TIMEOUT/1989_TIMEOUT.txt
2026-05-08T20:31:05.570463+00:00,PLANNER,1994,snake,instance-14.pddl,decstar,TIMEOUT,/Users/danielehab/My Drive/ArchAware-PDDL-Configurator/logs/stage2/error_dumps/TIMEOUT/1994_TIMEOUT.txt
2026-05-08T20:33:12.525103+00:00,PLANNER,1995,visitall,instance-01.pddl,madagascar,TIMEOUT,/Users/danielehab/My Drive/ArchAware-PDDL-Configurator/logs/stage2/error_dumps/TIMEOUT/1995_TIMEOUT.txt
2026-05-08T20:36:37.658414+00:00,PLANNER,1996,ricochet-robots,instance-16.pddl,lama,TIMEOUT,/Users/danielehab/My Drive/ArchAware-PDDL-Configurator/logs/stage2/error_dumps/TIMEOUT/1996_TIMEOUT.txt
2026-05-08T20:36:45.913020+00:00,PLANNER,1997,ricochet-robots,instance-11.pddl,bfws,TIMEOUT,/Users/danielehab/My Drive/ArchAware-PDDL-Configurator/logs/stage2/error_dumps/TIMEOUT/1997_TIMEOUT.txt
2026-05-08T20:37:05.390662+00:00,PLANNER,1998,snake,instance-16.pddl,decstar,TIMEOUT,/Users/danielehab/My Drive/ArchAware-PDDL-Configurator/logs/stage2/error_dumps/TIMEOUT/1998_TIMEOUT.txt
2026-05-08T20:39:13.023293+00:00,PLANNER,2000,visitall,instance-02.pddl,madagascar,TIMEOUT,/Users/danielehab/My Drive/ArchAware-PDDL-Configurator/logs/stage2/error_dumps/TIMEOUT/2000_TIMEOUT.txt
2026-05-08T20:42:38.292920+00:00,PLANNER,2001,ricochet-robots,instance-17.pddl,lama,TIMEOUT,/Users/danielehab/My Drive/ArchAware-PDDL-Configurator/logs/stage2/error_dumps/TIMEOUT/2001_TIMEOUT.txt
2026-05-08T20:43:05.682646+00:00,PLANNER,2002,snake,instance-17.pddl,decstar,TIMEOUT,/Users/danielehab/My Drive/ArchAware-PDDL-Configurator/logs/stage2/error_dumps/TIMEOUT/2002_TIMEOUT.txt
2026-05-08T20:45:13.510599+00:00,PLANNER,2004,visitall,instance-03.pddl,madagascar,TIMEOUT,/Users/danielehab/My Drive/ArchAware-PDDL-Configurator/logs/stage2/error_dumps/TIMEOUT/2004_TIMEOUT.txt
2026-05-08T20:48:38.359863+00:00,PLANNER,2005,ricochet-robots,instance-18.pddl,lama,TIMEOUT,/Users/danielehab/My Drive/ArchAware-PDDL-Configurator/logs/stage2/error_dumps/TIMEOUT/2005_TIMEOUT.txt
2026-05-08T20:49:05.200605+00:00,PLANNER,2006,snake,instance-18.pddl,decstar,TIMEOUT,/Users/danielehab/My Drive/ArchAware-PDDL-Configurator/logs/stage2/error_dumps/TIMEOUT/2006_TIMEOUT.txt
2026-05-08T20:49:12.305299+00:00,PLANNER,2007,ricochet-robots,instance-14.pddl,bfws,TIMEOUT,/Users/danielehab/My Drive/ArchAware-PDDL-Configurator/logs/stage2/error_dumps/TIMEOUT/2007_TIMEOUT.txt
2026-05-08T20:51:13.993301+00:00,PLANNER,2008,visitall,instance-04.pddl,madagascar,TIMEOUT,/Users/danielehab/My Drive/ArchAware-PDDL-Configurator/logs/stage2/error_dumps/TIMEOUT/2008_TIMEOUT.txt
2026-05-08T20:54:38.198807+00:00,PLANNER,2010,ricochet-robots,instance-19.pddl,lama,TIMEOUT,/Users/danielehab/My Drive/ArchAware-PDDL-Configurator/logs/stage2/error_dumps/TIMEOUT/2010_TIMEOUT.txt
2026-05-08T20:55:05.178127+00:00,PLANNER,2024,snake,instance-19.pddl,decstar,TIMEOUT,/Users/danielehab/My Drive/ArchAware-PDDL-Configurator/logs/stage2/error_dumps/TIMEOUT/2024_TIMEOUT.txt
2026-05-08T20:57:14.409213+00:00,PLANNER,2027,visitall,instance-07.pddl,madagascar,TIMEOUT,/Users/danielehab/My Drive/ArchAware-PDDL-Configurator/logs/stage2/error_dumps/TIMEOUT/2027_TIMEOUT.txt
2026-05-08T21:01:04.355245+00:00,PLANNER,2030,ricochet-robots,instance-01.pddl,decstar,TIMEOUT,/Users/danielehab/My Drive/ArchAware-PDDL-Configurator/logs/stage2/error_dumps/TIMEOUT/2030_TIMEOUT.txt
2026-05-08T21:03:14.828525+00:00,PLANNER,2033,visitall,instance-08.pddl,madagascar,TIMEOUT,/Users/danielehab/My Drive/ArchAware-PDDL-Configurator/logs/stage2/error_dumps/TIMEOUT/2033_TIMEOUT.txt
2026-05-08T21:08:00.046681+00:00,PLANNER,2037,ricochet-robots,instance-19.pddl,bfws,TIMEOUT,/Users/danielehab/My Drive/ArchAware-PDDL-Configurator/logs/stage2/error_dumps/TIMEOUT/2037_TIMEOUT.txt
2026-05-08T21:09:15.251367+00:00,PLANNER,2039,visitall,instance-09.pddl,madagascar,TIMEOUT,/Users/danielehab/My Drive/ArchAware-PDDL-Configurator/logs/stage2/error_dumps/TIMEOUT/2039_TIMEOUT.txt
2026-05-08T21:10:42.770310+00:00,PLANNER,2042,ricochet-robots,instance-04.pddl,lama,TIMEOUT,/Users/danielehab/My Drive/ArchAware-PDDL-Configurator/logs/stage2/error_dumps/TIMEOUT/2042_TIMEOUT.txt
2026-05-08T21:11:12.671898+00:00,PLANNER,2044,ricochet-robots,instance-04.pddl,decstar,TIMEOUT,/Users/danielehab/My Drive/ArchAware-PDDL-Configurator/logs/stage2/error_dumps/TIMEOUT/2044_TIMEOUT.txt
2026-05-08T21:15:15.662065+00:00,PLANNER,2051,visitall,instance-11.pddl,madagascar,TIMEOUT,/Users/danielehab/My Drive/ArchAware-PDDL-Configurator/logs/stage2/error_dumps/TIMEOUT/2051_TIMEOUT.txt
2026-05-08T21:18:13.645494+00:00,PLANNER,2055,ricochet-robots,instance-08.pddl,lama,TIMEOUT,/Users/danielehab/My Drive/ArchAware-PDDL-Configurator/logs/stage2/error_dumps/TIMEOUT/2055_TIMEOUT.txt
2026-05-08T21:18:23.129912+00:00,PLANNER,2056,ricochet-robots,instance-08.pddl,decstar,TIMEOUT,/Users/danielehab/My Drive/ArchAware-PDDL-Configurator/logs/stage2/error_dumps/TIMEOUT/2056_TIMEOUT.txt
2026-05-08T21:21:16.086627+00:00,PLANNER,2077,visitall,instance-12.pddl,madagascar,TIMEOUT,/Users/danielehab/My Drive/ArchAware-PDDL-Configurator/logs/stage2/error_dumps/TIMEOUT/2077_TIMEOUT.txt
2026-05-08T21:24:14.322183+00:00,PLANNER,2082,ricochet-robots,instance-09.pddl,lama,TIMEOUT,/Users/danielehab/My Drive/ArchAware-PDDL-Configurator/logs/stage2/error_dumps/TIMEOUT/2082_TIMEOUT.txt
2026-05-08T21:24:39.830971+00:00,PLANNER,2083,ricochet-robots,instance-11.pddl,decstar,TIMEOUT,/Users/danielehab/My Drive/ArchAware-PDDL-Configurator/logs/stage2/error_dumps/TIMEOUT/2083_TIMEOUT.txt
2026-05-08T21:27:16.491612+00:00,PLANNER,2087,visitall,instance-13.pddl,madagascar,TIMEOUT,/Users/danielehab/My Drive/ArchAware-PDDL-Configurator/logs/stage2/error_dumps/TIMEOUT/2087_TIMEOUT.txt
2026-05-08T21:30:14.918117+00:00,PLANNER,2090,ricochet-robots,instance-11.pddl,lama,TIMEOUT,/Users/danielehab/My Drive/ArchAware-PDDL-Configurator/logs/stage2/error_dumps/TIMEOUT/2090_TIMEOUT.txt
2026-05-08T21:30:39.085959+00:00,PLANNER,2091,ricochet-robots,instance-12.pddl,decstar,TIMEOUT,/Users/danielehab/My Drive/ArchAware-PDDL-Configurator/logs/stage2/error_dumps/TIMEOUT/2091_TIMEOUT.txt
2026-05-08T21:33:16.903034+00:00,PLANNER,2098,visitall,instance-14.pddl,madagascar,TIMEOUT,/Users/danielehab/My Drive/ArchAware-PDDL-Configurator/logs/stage2/error_dumps/TIMEOUT/2098_TIMEOUT.txt
2026-05-08T21:36:15.421833+00:00,PLANNER,2100,ricochet-robots,instance-12.pddl,lama,TIMEOUT,/Users/danielehab/My Drive/ArchAware-PDDL-Configurator/logs/stage2/error_dumps/TIMEOUT/2100_TIMEOUT.txt
2026-05-08T21:37:00.674543+00:00,PLANNER,2101,ricochet-robots,instance-14.pddl,decstar,TIMEOUT,/Users/danielehab/My Drive/ArchAware-PDDL-Configurator/logs/stage2/error_dumps/TIMEOUT/2101_TIMEOUT.txt
2026-05-08T21:39:17.304234+00:00,PLANNER,2103,visitall,instance-16.pddl,madagascar,TIMEOUT,/Users/danielehab/My Drive/ArchAware-PDDL-Configurator/logs/stage2/error_dumps/TIMEOUT/2103_TIMEOUT.txt
2026-05-08T21:43:00.552418+00:00,PLANNER,2104,ricochet-robots,instance-16.pddl,decstar,TIMEOUT,/Users/danielehab/My Drive/ArchAware-PDDL-Configurator/logs/stage2/error_dumps/TIMEOUT/2104_TIMEOUT.txt
2026-05-08T21:45:17.669949+00:00,PLANNER,2106,visitall,instance-17.pddl,madagascar,TIMEOUT,/Users/danielehab/My Drive/ArchAware-PDDL-Configurator/logs/stage2/error_dumps/TIMEOUT/2106_TIMEOUT.txt
2026-05-08T21:48:59.462338+00:00,PLANNER,2107,ricochet-robots,instance-17.pddl,decstar,TIMEOUT,/Users/danielehab/My Drive/ArchAware-PDDL-Configurator/logs/stage2/error_dumps/TIMEOUT/2107_TIMEOUT.txt
2026-05-08T21:49:04.646118+00:00,PLANNER,2108,ricochet-robots,instance-16.pddl,lama,TIMEOUT,/Users/danielehab/My Drive/ArchAware-PDDL-Configurator/logs/stage2/error_dumps/TIMEOUT/2108_TIMEOUT.txt
2026-05-08T21:51:18.061162+00:00,PLANNER,2109,visitall,instance-18.pddl,madagascar,TIMEOUT,/Users/danielehab/My Drive/ArchAware-PDDL-Configurator/logs/stage2/error_dumps/TIMEOUT/2109_TIMEOUT.txt
2026-05-08T21:54:58.586525+00:00,PLANNER,2110,ricochet-robots,instance-18.pddl,decstar,TIMEOUT,/Users/danielehab/My Drive/ArchAware-PDDL-Configurator/logs/stage2/error_dumps/TIMEOUT/2110_TIMEOUT.txt
2026-05-08T21:55:04.948174+00:00,PLANNER,2111,ricochet-robots,instance-17.pddl,lama,TIMEOUT,/Users/danielehab/My Drive/ArchAware-PDDL-Configurator/logs/stage2/error_dumps/TIMEOUT/2111_TIMEOUT.txt
2026-05-08T21:57:18.443892+00:00,PLANNER,2112,visitall,instance-19.pddl,madagascar,TIMEOUT,/Users/danielehab/My Drive/ArchAware-PDDL-Configurator/logs/stage2/error_dumps/TIMEOUT/2112_TIMEOUT.txt
2026-05-08T22:00:57.826165+00:00,PLANNER,2113,ricochet-robots,instance-19.pddl,decstar,TIMEOUT,/Users/danielehab/My Drive/ArchAware-PDDL-Configurator/logs/stage2/error_dumps/TIMEOUT/2113_TIMEOUT.txt
2026-05-08T22:01:04.773741+00:00,PLANNER,2114,ricochet-robots,instance-18.pddl,lama,TIMEOUT,/Users/danielehab/My Drive/ArchAware-PDDL-Configurator/logs/stage2/error_dumps/TIMEOUT/2114_TIMEOUT.txt
2026-05-08T22:03:18.856945+00:00,PLANNER,2115,ricochet-robots,instance-01.pddl,madagascar,TIMEOUT,/Users/danielehab/My Drive/ArchAware-PDDL-Configurator/logs/stage2/error_dumps/TIMEOUT/2115_TIMEOUT.txt
2026-05-08T22:06:56.902852+00:00,PLANNER,2116,ricochet-robots,instance-01.pddl,decstar,TIMEOUT,/Users/danielehab/My Drive/ArchAware-PDDL-Configurator/logs/stage2/error_dumps/TIMEOUT/2116_TIMEOUT.txt
2026-05-08T22:07:05.286568+00:00,PLANNER,2117,ricochet-robots,instance-19.pddl,lama,TIMEOUT,/Users/danielehab/My Drive/ArchAware-PDDL-Configurator/logs/stage2/error_dumps/TIMEOUT/2117_TIMEOUT.txt
2026-05-08T22:09:19.266391+00:00,PLANNER,2148,ricochet-robots,instance-02.pddl,madagascar,TIMEOUT,/Users/danielehab/My Drive/ArchAware-PDDL-Configurator/logs/stage2/error_dumps/TIMEOUT/2148_TIMEOUT.txt
2026-05-08T22:15:19.657433+00:00,PLANNER,2151,ricochet-robots,instance-03.pddl,madagascar,TIMEOUT,/Users/danielehab/My Drive/ArchAware-PDDL-Configurator/logs/stage2/error_dumps/TIMEOUT/2151_TIMEOUT.txt
2026-05-08T22:16:51.939864+00:00,PLANNER,2152,ricochet-robots,instance-04.pddl,decstar,TIMEOUT,/Users/danielehab/My Drive/ArchAware-PDDL-Configurator/logs/stage2/error_dumps/TIMEOUT/2152_TIMEOUT.txt
2026-05-08T22:21:20.061824+00:00,PLANNER,2154,ricochet-robots,instance-04.pddl,madagascar,TIMEOUT,/Users/danielehab/My Drive/ArchAware-PDDL-Configurator/logs/stage2/error_dumps/TIMEOUT/2154_TIMEOUT.txt
2026-05-08T22:23:56.512383+00:00,PLANNER,2155,ricochet-robots,instance-08.pddl,decstar,TIMEOUT,/Users/danielehab/My Drive/ArchAware-PDDL-Configurator/logs/stage2/error_dumps/TIMEOUT/2155_TIMEOUT.txt
2026-05-08T22:27:20.461269+00:00,PLANNER,2157,ricochet-robots,instance-07.pddl,madagascar,TIMEOUT,/Users/danielehab/My Drive/ArchAware-PDDL-Configurator/logs/stage2/error_dumps/TIMEOUT/2157_TIMEOUT.txt
2026-05-08T22:30:11.470185+00:00,PLANNER,2158,ricochet-robots,instance-11.pddl,decstar,TIMEOUT,/Users/danielehab/My Drive/ArchAware-PDDL-Configurator/logs/stage2/error_dumps/TIMEOUT/2158_TIMEOUT.txt
2026-05-08T22:33:20.859465+00:00,PLANNER,2159,ricochet-robots,instance-08.pddl,madagascar,TIMEOUT,/Users/danielehab/My Drive/ArchAware-PDDL-Configurator/logs/stage2/error_dumps/TIMEOUT/2159_TIMEOUT.txt
2026-05-08T22:36:11.224865+00:00,PLANNER,2160,ricochet-robots,instance-12.pddl,decstar,TIMEOUT,/Users/danielehab/My Drive/ArchAware-PDDL-Configurator/logs/stage2/error_dumps/TIMEOUT/2160_TIMEOUT.txt
2026-05-08T22:39:21.261052+00:00,PLANNER,2162,ricochet-robots,instance-09.pddl,madagascar,TIMEOUT,/Users/danielehab/My Drive/ArchAware-PDDL-Configurator/logs/stage2/error_dumps/TIMEOUT/2162_TIMEOUT.txt
2026-05-08T22:42:30.877745+00:00,PLANNER,2163,ricochet-robots,instance-14.pddl,decstar,TIMEOUT,/Users/danielehab/My Drive/ArchAware-PDDL-Configurator/logs/stage2/error_dumps/TIMEOUT/2163_TIMEOUT.txt
2026-05-08T22:45:21.660634+00:00,PLANNER,2164,ricochet-robots,instance-11.pddl,madagascar,TIMEOUT,/Users/danielehab/My Drive/ArchAware-PDDL-Configurator/logs/stage2/error_dumps/TIMEOUT/2164_TIMEOUT.txt
2026-05-08T22:48:30.549913+00:00,PLANNER,2165,ricochet-robots,instance-16.pddl,decstar,TIMEOUT,/Users/danielehab/My Drive/ArchAware-PDDL-Configurator/logs/stage2/error_dumps/TIMEOUT/2165_TIMEOUT.txt
2026-05-08T22:51:22.040007+00:00,PLANNER,2166,ricochet-robots,instance-12.pddl,madagascar,TIMEOUT,/Users/danielehab/My Drive/ArchAware-PDDL-Configurator/logs/stage2/error_dumps/TIMEOUT/2166_TIMEOUT.txt
2026-05-08T22:54:30.240479+00:00,PLANNER,2167,ricochet-robots,instance-17.pddl,decstar,TIMEOUT,/Users/danielehab/My Drive/ArchAware-PDDL-Configurator/logs/stage2/error_dumps/TIMEOUT/2167_TIMEOUT.txt
2026-05-08T22:57:22.431112+00:00,PLANNER,2168,ricochet-robots,instance-13.pddl,madagascar,TIMEOUT,/Users/danielehab/My Drive/ArchAware-PDDL-Configurator/logs/stage2/error_dumps/TIMEOUT/2168_TIMEOUT.txt
2026-05-08T23:00:29.164627+00:00,PLANNER,2169,ricochet-robots,instance-18.pddl,decstar,TIMEOUT,/Users/danielehab/My Drive/ArchAware-PDDL-Configurator/logs/stage2/error_dumps/TIMEOUT/2169_TIMEOUT.txt
2026-05-08T23:03:22.833183+00:00,PLANNER,2170,ricochet-robots,instance-14.pddl,madagascar,TIMEOUT,/Users/danielehab/My Drive/ArchAware-PDDL-Configurator/logs/stage2/error_dumps/TIMEOUT/2170_TIMEOUT.txt
2026-05-08T23:06:28.444709+00:00,PLANNER,2171,ricochet-robots,instance-19.pddl,decstar,TIMEOUT,/Users/danielehab/My Drive/ArchAware-PDDL-Configurator/logs/stage2/error_dumps/TIMEOUT/2171_TIMEOUT.txt
2026-05-08T23:09:13.177801+00:00,PLANNER,2180,depots,instance-12.pddl,decstar,TIMEOUT,/Users/danielehab/My Drive/ArchAware-PDDL-Configurator/logs/stage2/error_dumps/TIMEOUT/2180_TIMEOUT.txt
2026-05-08T23:09:23.268831+00:00,PLANNER,2186,ricochet-robots,instance-16.pddl,madagascar,TIMEOUT,/Users/danielehab/My Drive/ArchAware-PDDL-Configurator/logs/stage2/error_dumps/TIMEOUT/2186_TIMEOUT.txt
2026-05-08T23:12:07.833038+00:00,PLANNER,2196,depots,instance-12.pddl,decstar,TIMEOUT,/Users/danielehab/My Drive/ArchAware-PDDL-Configurator/logs/stage2/error_dumps/TIMEOUT/2196_TIMEOUT.txt
2026-05-08T23:15:23.673388+00:00,PLANNER,2205,ricochet-robots,instance-17.pddl,madagascar,TIMEOUT,/Users/danielehab/My Drive/ArchAware-PDDL-Configurator/logs/stage2/error_dumps/TIMEOUT/2205_TIMEOUT.txt
2026-05-08T23:21:24.079449+00:00,PLANNER,2207,ricochet-robots,instance-18.pddl,madagascar,TIMEOUT,/Users/danielehab/My Drive/ArchAware-PDDL-Configurator/logs/stage2/error_dumps/TIMEOUT/2207_TIMEOUT.txt
2026-05-08T23:22:27.007598+00:00,PLANNER,2208,snake,instance-04.pddl,decstar,TIMEOUT,/Users/danielehab/My Drive/ArchAware-PDDL-Configurator/logs/stage2/error_dumps/TIMEOUT/2208_TIMEOUT.txt
2026-05-08T23:27:24.541278+00:00,PLANNER,2209,ricochet-robots,instance-19.pddl,madagascar,TIMEOUT,/Users/danielehab/My Drive/ArchAware-PDDL-Configurator/logs/stage2/error_dumps/TIMEOUT/2209_TIMEOUT.txt
2026-05-08T23:28:26.539546+00:00,PLANNER,2240,snake,instance-07.pddl,decstar,TIMEOUT,/Users/danielehab/My Drive/ArchAware-PDDL-Configurator/logs/stage2/error_dumps/TIMEOUT/2240_TIMEOUT.txt
2026-05-08T23:33:41.757728+00:00,PLANNER,2241,barman,instance-01.pddl,madagascar,TIMEOUT,/Users/danielehab/My Drive/ArchAware-PDDL-Configurator/logs/stage2/error_dumps/TIMEOUT/2241_TIMEOUT.txt
2026-05-08T23:34:26.169754+00:00,PLANNER,2242,snake,instance-08.pddl,decstar,TIMEOUT,/Users/danielehab/My Drive/ArchAware-PDDL-Configurator/logs/stage2/error_dumps/TIMEOUT/2242_TIMEOUT.txt
2026-05-08T23:39:42.171014+00:00,PLANNER,2243,barman,instance-02.pddl,madagascar,TIMEOUT,/Users/danielehab/My Drive/ArchAware-PDDL-Configurator/logs/stage2/error_dumps/TIMEOUT/2243_TIMEOUT.txt
2026-05-08T23:40:25.945751+00:00,PLANNER,2244,snake,instance-09.pddl,decstar,TIMEOUT,/Users/danielehab/My Drive/ArchAware-PDDL-Configurator/logs/stage2/error_dumps/TIMEOUT/2244_TIMEOUT.txt
2026-05-08T23:45:42.568307+00:00,PLANNER,2245,barman,instance-03.pddl,madagascar,TIMEOUT,/Users/danielehab/My Drive/ArchAware-PDDL-Configurator/logs/stage2/error_dumps/TIMEOUT/2245_TIMEOUT.txt
2026-05-08T23:46:26.320811+00:00,PLANNER,2246,snake,instance-11.pddl,decstar,TIMEOUT,/Users/danielehab/My Drive/ArchAware-PDDL-Configurator/logs/stage2/error_dumps/TIMEOUT/2246_TIMEOUT.txt
2026-05-08T23:52:25.973221+00:00,PLANNER,2248,snake,instance-12.pddl,decstar,TIMEOUT,/Users/danielehab/My Drive/ArchAware-PDDL-Configurator/logs/stage2/error_dumps/TIMEOUT/2248_TIMEOUT.txt
2026-05-08T23:52:58.407549+00:00,PLANNER,2249,barman,instance-07.pddl,madagascar,TIMEOUT,/Users/danielehab/My Drive/ArchAware-PDDL-Configurator/logs/stage2/error_dumps/TIMEOUT/2249_TIMEOUT.txt
2026-05-08T23:58:26.043763+00:00,PLANNER,2250,snake,instance-13.pddl,decstar,TIMEOUT,/Users/danielehab/My Drive/ArchAware-PDDL-Configurator/logs/stage2/error_dumps/TIMEOUT/2250_TIMEOUT.txt
2026-05-08T23:58:58.818004+00:00,PLANNER,2251,barman,instance-08.pddl,madagascar,TIMEOUT,/Users/danielehab/My Drive/ArchAware-PDDL-Configurator/logs/stage2/error_dumps/TIMEOUT/2251_TIMEOUT.txt
2026-05-09T00:04:26.277042+00:00,PLANNER,2252,snake,instance-14.pddl,decstar,TIMEOUT,/Users/danielehab/My Drive/ArchAware-PDDL-Configurator/logs/stage2/error_dumps/TIMEOUT/2252_TIMEOUT.txt
2026-05-09T00:04:59.228479+00:00,PLANNER,2253,barman,instance-09.pddl,madagascar,TIMEOUT,/Users/danielehab/My Drive/ArchAware-PDDL-Configurator/logs/stage2/error_dumps/TIMEOUT/2253_TIMEOUT.txt
2026-05-09T00:10:25.654529+00:00,PLANNER,2255,snake,instance-16.pddl,decstar,TIMEOUT,/Users/danielehab/My Drive/ArchAware-PDDL-Configurator/logs/stage2/error_dumps/TIMEOUT/2255_TIMEOUT.txt
2026-05-09T00:12:57.408557+00:00,PLANNER,2256,barman,instance-12.pddl,madagascar,TIMEOUT,/Users/danielehab/My Drive/ArchAware-PDDL-Configurator/logs/stage2/error_dumps/TIMEOUT/2256_TIMEOUT.txt
2026-05-09T00:16:25.258870+00:00,PLANNER,2257,snake,instance-17.pddl,decstar,TIMEOUT,/Users/danielehab/My Drive/ArchAware-PDDL-Configurator/logs/stage2/error_dumps/TIMEOUT/2257_TIMEOUT.txt
2026-05-09T00:18:57.820882+00:00,PLANNER,2258,barman,instance-13.pddl,madagascar,TIMEOUT,/Users/danielehab/My Drive/ArchAware-PDDL-Configurator/logs/stage2/error_dumps/TIMEOUT/2258_TIMEOUT.txt
2026-05-09T00:22:25.340617+00:00,PLANNER,2259,snake,instance-18.pddl,decstar,TIMEOUT,/Users/danielehab/My Drive/ArchAware-PDDL-Configurator/logs/stage2/error_dumps/TIMEOUT/2259_TIMEOUT.txt
2026-05-09T00:24:58.216044+00:00,PLANNER,2260,barman,instance-14.pddl,madagascar,TIMEOUT,/Users/danielehab/My Drive/ArchAware-PDDL-Configurator/logs/stage2/error_dumps/TIMEOUT/2260_TIMEOUT.txt
2026-05-09T00:28:24.925841+00:00,PLANNER,2262,snake,instance-19.pddl,decstar,TIMEOUT,/Users/danielehab/My Drive/ArchAware-PDDL-Configurator/logs/stage2/error_dumps/TIMEOUT/2262_TIMEOUT.txt
2026-05-09T00:31:31.141117+00:00,PLANNER,2263,barman,instance-17.pddl,madagascar,TIMEOUT,/Users/danielehab/My Drive/ArchAware-PDDL-Configurator/logs/stage2/error_dumps/TIMEOUT/2263_TIMEOUT.txt
2026-05-09T00:34:24.058640+00:00,PLANNER,2264,barman,instance-01.pddl,decstar,TIMEOUT,/Users/danielehab/My Drive/ArchAware-PDDL-Configurator/logs/stage2/error_dumps/TIMEOUT/2264_TIMEOUT.txt
2026-05-09T00:37:31.516053+00:00,PLANNER,2265,barman,instance-18.pddl,madagascar,TIMEOUT,/Users/danielehab/My Drive/ArchAware-PDDL-Configurator/logs/stage2/error_dumps/TIMEOUT/2265_TIMEOUT.txt
2026-05-09T00:40:23.353957+00:00,PLANNER,2266,barman,instance-02.pddl,decstar,TIMEOUT,/Users/danielehab/My Drive/ArchAware-PDDL-Configurator/logs/stage2/error_dumps/TIMEOUT/2266_TIMEOUT.txt
2026-05-09T00:43:31.907212+00:00,PLANNER,2268,barman,instance-19.pddl,madagascar,TIMEOUT,/Users/danielehab/My Drive/ArchAware-PDDL-Configurator/logs/stage2/error_dumps/TIMEOUT/2268_TIMEOUT.txt
2026-05-09T00:49:32.281529+00:00,PLANNER,2270,barman,instance-01.pddl,madagascar,TIMEOUT,/Users/danielehab/My Drive/ArchAware-PDDL-Configurator/logs/stage2/error_dumps/TIMEOUT/2270_TIMEOUT.txt
2026-05-09T00:51:42.793764+00:00,PLANNER,2271,barman,instance-07.pddl,decstar,TIMEOUT,/Users/danielehab/My Drive/ArchAware-PDDL-Configurator/logs/stage2/error_dumps/TIMEOUT/2271_TIMEOUT.txt
2026-05-09T00:55:32.662176+00:00,PLANNER,2272,barman,instance-02.pddl,madagascar,TIMEOUT,/Users/danielehab/My Drive/ArchAware-PDDL-Configurator/logs/stage2/error_dumps/TIMEOUT/2272_TIMEOUT.txt
2026-05-09T00:57:42.187065+00:00,PLANNER,2273,barman,instance-08.pddl,decstar,TIMEOUT,/Users/danielehab/My Drive/ArchAware-PDDL-Configurator/logs/stage2/error_dumps/TIMEOUT/2273_TIMEOUT.txt
2026-05-09T01:01:33.052929+00:00,PLANNER,2274,barman,instance-03.pddl,madagascar,TIMEOUT,/Users/danielehab/My Drive/ArchAware-PDDL-Configurator/logs/stage2/error_dumps/TIMEOUT/2274_TIMEOUT.txt
2026-05-09T01:03:41.325931+00:00,PLANNER,2276,barman,instance-09.pddl,decstar,TIMEOUT,/Users/danielehab/My Drive/ArchAware-PDDL-Configurator/logs/stage2/error_dumps/TIMEOUT/2276_TIMEOUT.txt
2026-05-09T01:08:43.202370+00:00,PLANNER,2277,barman,instance-07.pddl,madagascar,TIMEOUT,/Users/danielehab/My Drive/ArchAware-PDDL-Configurator/logs/stage2/error_dumps/TIMEOUT/2277_TIMEOUT.txt
2026-05-09T01:09:40.576561+00:00,PLANNER,2278,barman,instance-11.pddl,decstar,TIMEOUT,/Users/danielehab/My Drive/ArchAware-PDDL-Configurator/logs/stage2/error_dumps/TIMEOUT/2278_TIMEOUT.txt
2026-05-09T01:14:43.590867+00:00,PLANNER,2279,barman,instance-08.pddl,madagascar,TIMEOUT,/Users/danielehab/My Drive/ArchAware-PDDL-Configurator/logs/stage2/error_dumps/TIMEOUT/2279_TIMEOUT.txt
2026-05-09T01:15:39.856968+00:00,PLANNER,2280,barman,instance-12.pddl,decstar,TIMEOUT,/Users/danielehab/My Drive/ArchAware-PDDL-Configurator/logs/stage2/error_dumps/TIMEOUT/2280_TIMEOUT.txt
2026-05-09T01:20:43.966658+00:00,PLANNER,2281,barman,instance-09.pddl,madagascar,TIMEOUT,/Users/danielehab/My Drive/ArchAware-PDDL-Configurator/logs/stage2/error_dumps/TIMEOUT/2281_TIMEOUT.txt
2026-05-09T01:21:39.164005+00:00,PLANNER,2282,barman,instance-13.pddl,decstar,TIMEOUT,/Users/danielehab/My Drive/ArchAware-PDDL-Configurator/logs/stage2/error_dumps/TIMEOUT/2282_TIMEOUT.txt
2026-05-09T01:28:32.209667+00:00,PLANNER,2285,barman,instance-12.pddl,madagascar,TIMEOUT,/Users/danielehab/My Drive/ArchAware-PDDL-Configurator/logs/stage2/error_dumps/TIMEOUT/2285_TIMEOUT.txt
2026-05-09T01:28:56.522598+00:00,PLANNER,2286,barman,instance-16.pddl,decstar,TIMEOUT,/Users/danielehab/My Drive/ArchAware-PDDL-Configurator/logs/stage2/error_dumps/TIMEOUT/2286_TIMEOUT.txt
2026-05-09T01:34:32.604936+00:00,PLANNER,2288,barman,instance-13.pddl,madagascar,TIMEOUT,/Users/danielehab/My Drive/ArchAware-PDDL-Configurator/logs/stage2/error_dumps/TIMEOUT/2288_TIMEOUT.txt
2026-05-09T01:34:58.271225+00:00,PLANNER,2289,barman,instance-18.pddl,decstar,TIMEOUT,/Users/danielehab/My Drive/ArchAware-PDDL-Configurator/logs/stage2/error_dumps/TIMEOUT/2289_TIMEOUT.txt
2026-05-09T01:40:33.000605+00:00,PLANNER,2290,barman,instance-14.pddl,madagascar,TIMEOUT,/Users/danielehab/My Drive/ArchAware-PDDL-Configurator/logs/stage2/error_dumps/TIMEOUT/2290_TIMEOUT.txt
2026-05-09T01:40:57.616841+00:00,PLANNER,2291,barman,instance-19.pddl,decstar,TIMEOUT,/Users/danielehab/My Drive/ArchAware-PDDL-Configurator/logs/stage2/error_dumps/TIMEOUT/2291_TIMEOUT.txt
2026-05-09T01:46:56.897110+00:00,PLANNER,2293,barman,instance-01.pddl,decstar,TIMEOUT,/Users/danielehab/My Drive/ArchAware-PDDL-Configurator/logs/stage2/error_dumps/TIMEOUT/2293_TIMEOUT.txt
2026-05-09T01:47:02.750523+00:00,PLANNER,2294,barman,instance-17.pddl,madagascar,TIMEOUT,/Users/danielehab/My Drive/ArchAware-PDDL-Configurator/logs/stage2/error_dumps/TIMEOUT/2294_TIMEOUT.txt
2026-05-09T01:52:56.168499+00:00,PLANNER,2295,barman,instance-02.pddl,decstar,TIMEOUT,/Users/danielehab/My Drive/ArchAware-PDDL-Configurator/logs/stage2/error_dumps/TIMEOUT/2295_TIMEOUT.txt
2026-05-09T01:53:03.144172+00:00,PLANNER,2296,barman,instance-18.pddl,madagascar,TIMEOUT,/Users/danielehab/My Drive/ArchAware-PDDL-Configurator/logs/stage2/error_dumps/TIMEOUT/2296_TIMEOUT.txt
2026-05-09T01:59:03.533460+00:00,PLANNER,2299,barman,instance-19.pddl,madagascar,TIMEOUT,/Users/danielehab/My Drive/ArchAware-PDDL-Configurator/logs/stage2/error_dumps/TIMEOUT/2299_TIMEOUT.txt
2026-05-09T02:04:15.157027+00:00,PLANNER,2303,barman,instance-07.pddl,decstar,TIMEOUT,/Users/danielehab/My Drive/ArchAware-PDDL-Configurator/logs/stage2/error_dumps/TIMEOUT/2303_TIMEOUT.txt
2026-05-09T02:06:06.473269+00:00,PLANNER,2304,snake,instance-04.pddl,madagascar,TIMEOUT,/Users/danielehab/My Drive/ArchAware-PDDL-Configurator/logs/stage2/error_dumps/TIMEOUT/2304_TIMEOUT.txt
2026-05-09T02:10:14.482925+00:00,PLANNER,2306,barman,instance-08.pddl,decstar,TIMEOUT,/Users/danielehab/My Drive/ArchAware-PDDL-Configurator/logs/stage2/error_dumps/TIMEOUT/2306_TIMEOUT.txt
2026-05-09T02:16:13.611172+00:00,PLANNER,2308,barman,instance-09.pddl,decstar,TIMEOUT,/Users/danielehab/My Drive/ArchAware-PDDL-Configurator/logs/stage2/error_dumps/TIMEOUT/2308_TIMEOUT.txt
2026-05-09T02:17:29.208893+00:00,PLANNER,2309,snake,instance-09.pddl,madagascar,TIMEOUT,/Users/danielehab/My Drive/ArchAware-PDDL-Configurator/logs/stage2/error_dumps/TIMEOUT/2309_TIMEOUT.txt
2026-05-09T02:22:12.987468+00:00,PLANNER,2311,barman,instance-11.pddl,decstar,TIMEOUT,/Users/danielehab/My Drive/ArchAware-PDDL-Configurator/logs/stage2/error_dumps/TIMEOUT/2311_TIMEOUT.txt
2026-05-09T02:24:20.523915+00:00,PLANNER,2312,snake,instance-12.pddl,madagascar,TIMEOUT,/Users/danielehab/My Drive/ArchAware-PDDL-Configurator/logs/stage2/error_dumps/TIMEOUT/2312_TIMEOUT.txt
2026-05-09T02:28:12.446348+00:00,PLANNER,2313,barman,instance-12.pddl,decstar,TIMEOUT,/Users/danielehab/My Drive/ArchAware-PDDL-Configurator/logs/stage2/error_dumps/TIMEOUT/2313_TIMEOUT.txt
2026-05-09T02:30:20.944787+00:00,PLANNER,2314,snake,instance-13.pddl,madagascar,TIMEOUT,/Users/danielehab/My Drive/ArchAware-PDDL-Configurator/logs/stage2/error_dumps/TIMEOUT/2314_TIMEOUT.txt
2026-05-09T02:34:11.875886+00:00,PLANNER,2315,barman,instance-13.pddl,decstar,TIMEOUT,/Users/danielehab/My Drive/ArchAware-PDDL-Configurator/logs/stage2/error_dumps/TIMEOUT/2315_TIMEOUT.txt
2026-05-09T02:36:21.383202+00:00,PLANNER,2317,snake,instance-14.pddl,madagascar,TIMEOUT,/Users/danielehab/My Drive/ArchAware-PDDL-Configurator/logs/stage2/error_dumps/TIMEOUT/2317_TIMEOUT.txt
2026-05-09T02:41:29.521615+00:00,PLANNER,2318,barman,instance-16.pddl,decstar,TIMEOUT,/Users/danielehab/My Drive/ArchAware-PDDL-Configurator/logs/stage2/error_dumps/TIMEOUT/2318_TIMEOUT.txt
2026-05-09T02:42:21.862684+00:00,PLANNER,2320,snake,instance-16.pddl,madagascar,TIMEOUT,/Users/danielehab/My Drive/ArchAware-PDDL-Configurator/logs/stage2/error_dumps/TIMEOUT/2320_TIMEOUT.txt
2026-05-09T02:47:31.425094+00:00,PLANNER,2321,barman,instance-18.pddl,decstar,TIMEOUT,/Users/danielehab/My Drive/ArchAware-PDDL-Configurator/logs/stage2/error_dumps/TIMEOUT/2321_TIMEOUT.txt
2026-05-09T02:48:22.336008+00:00,PLANNER,2322,snake,instance-17.pddl,madagascar,TIMEOUT,/Users/danielehab/My Drive/ArchAware-PDDL-Configurator/logs/stage2/error_dumps/TIMEOUT/2322_TIMEOUT.txt
2026-05-09T02:53:30.799251+00:00,PLANNER,2323,barman,instance-19.pddl,decstar,TIMEOUT,/Users/danielehab/My Drive/ArchAware-PDDL-Configurator/logs/stage2/error_dumps/TIMEOUT/2323_TIMEOUT.txt
2026-05-09T02:54:22.813267+00:00,PLANNER,2325,snake,instance-18.pddl,madagascar,TIMEOUT,/Users/danielehab/My Drive/ArchAware-PDDL-Configurator/logs/stage2/error_dumps/TIMEOUT/2325_TIMEOUT.txt
2026-05-09T03:00:23.294760+00:00,PLANNER,2328,snake,instance-19.pddl,madagascar,TIMEOUT,/Users/danielehab/My Drive/ArchAware-PDDL-Configurator/logs/stage2/error_dumps/TIMEOUT/2328_TIMEOUT.txt
2026-05-09T03:03:38.322927+00:00,PLANNER,2329,snake,instance-04.pddl,decstar,TIMEOUT,/Users/danielehab/My Drive/ArchAware-PDDL-Configurator/logs/stage2/error_dumps/TIMEOUT/2329_TIMEOUT.txt
2026-05-09T03:06:23.707915+00:00,PLANNER,2330,ricochet-robots,instance-01.pddl,madagascar,TIMEOUT,/Users/danielehab/My Drive/ArchAware-PDDL-Configurator/logs/stage2/error_dumps/TIMEOUT/2330_TIMEOUT.txt
2026-05-09T03:09:38.014595+00:00,PLANNER,2331,snake,instance-07.pddl,decstar,TIMEOUT,/Users/danielehab/My Drive/ArchAware-PDDL-Configurator/logs/stage2/error_dumps/TIMEOUT/2331_TIMEOUT.txt
2026-05-09T03:12:24.126106+00:00,PLANNER,2332,ricochet-robots,instance-02.pddl,madagascar,TIMEOUT,/Users/danielehab/My Drive/ArchAware-PDDL-Configurator/logs/stage2/error_dumps/TIMEOUT/2332_TIMEOUT.txt
2026-05-09T03:15:37.705333+00:00,PLANNER,2333,snake,instance-08.pddl,decstar,TIMEOUT,/Users/danielehab/My Drive/ArchAware-PDDL-Configurator/logs/stage2/error_dumps/TIMEOUT/2333_TIMEOUT.txt
2026-05-09T03:18:24.527705+00:00,PLANNER,2334,ricochet-robots,instance-03.pddl,madagascar,TIMEOUT,/Users/danielehab/My Drive/ArchAware-PDDL-Configurator/logs/stage2/error_dumps/TIMEOUT/2334_TIMEOUT.txt
2026-05-09T03:21:37.613863+00:00,PLANNER,2335,snake,instance-09.pddl,decstar,TIMEOUT,/Users/danielehab/My Drive/ArchAware-PDDL-Configurator/logs/stage2/error_dumps/TIMEOUT/2335_TIMEOUT.txt
2026-05-09T03:24:24.945741+00:00,PLANNER,2336,ricochet-robots,instance-04.pddl,madagascar,TIMEOUT,/Users/danielehab/My Drive/ArchAware-PDDL-Configurator/logs/stage2/error_dumps/TIMEOUT/2336_TIMEOUT.txt
2026-05-09T03:27:37.992307+00:00,PLANNER,2337,snake,instance-11.pddl,decstar,TIMEOUT,/Users/danielehab/My Drive/ArchAware-PDDL-Configurator/logs/stage2/error_dumps/TIMEOUT/2337_TIMEOUT.txt
2026-05-09T03:30:25.375094+00:00,PLANNER,2338,ricochet-robots,instance-07.pddl,madagascar,TIMEOUT,/Users/danielehab/My Drive/ArchAware-PDDL-Configurator/logs/stage2/error_dumps/TIMEOUT/2338_TIMEOUT.txt
2026-05-09T03:33:37.667792+00:00,PLANNER,2339,snake,instance-12.pddl,decstar,TIMEOUT,/Users/danielehab/My Drive/ArchAware-PDDL-Configurator/logs/stage2/error_dumps/TIMEOUT/2339_TIMEOUT.txt
2026-05-09T03:36:25.796834+00:00,PLANNER,2340,ricochet-robots,instance-08.pddl,madagascar,TIMEOUT,/Users/danielehab/My Drive/ArchAware-PDDL-Configurator/logs/stage2/error_dumps/TIMEOUT/2340_TIMEOUT.txt
2026-05-09T03:39:37.586086+00:00,PLANNER,2341,snake,instance-13.pddl,decstar,TIMEOUT,/Users/danielehab/My Drive/ArchAware-PDDL-Configurator/logs/stage2/error_dumps/TIMEOUT/2341_TIMEOUT.txt
2026-05-09T03:42:26.216663+00:00,PLANNER,2342,ricochet-robots,instance-09.pddl,madagascar,TIMEOUT,/Users/danielehab/My Drive/ArchAware-PDDL-Configurator/logs/stage2/error_dumps/TIMEOUT/2342_TIMEOUT.txt
2026-05-09T03:45:37.982602+00:00,PLANNER,2343,snake,instance-14.pddl,decstar,TIMEOUT,/Users/danielehab/My Drive/ArchAware-PDDL-Configurator/logs/stage2/error_dumps/TIMEOUT/2343_TIMEOUT.txt
2026-05-09T03:48:26.618914+00:00,PLANNER,2344,ricochet-robots,instance-11.pddl,madagascar,TIMEOUT,/Users/danielehab/My Drive/ArchAware-PDDL-Configurator/logs/stage2/error_dumps/TIMEOUT/2344_TIMEOUT.txt
2026-05-09T03:51:37.453510+00:00,PLANNER,2345,snake,instance-16.pddl,decstar,TIMEOUT,/Users/danielehab/My Drive/ArchAware-PDDL-Configurator/logs/stage2/error_dumps/TIMEOUT/2345_TIMEOUT.txt
2026-05-09T03:54:27.039877+00:00,PLANNER,2346,ricochet-robots,instance-12.pddl,madagascar,TIMEOUT,/Users/danielehab/My Drive/ArchAware-PDDL-Configurator/logs/stage2/error_dumps/TIMEOUT/2346_TIMEOUT.txt
2026-05-09T03:57:37.343055+00:00,PLANNER,2347,snake,instance-17.pddl,decstar,TIMEOUT,/Users/danielehab/My Drive/ArchAware-PDDL-Configurator/logs/stage2/error_dumps/TIMEOUT/2347_TIMEOUT.txt
2026-05-09T04:00:27.456939+00:00,PLANNER,2348,ricochet-robots,instance-13.pddl,madagascar,TIMEOUT,/Users/danielehab/My Drive/ArchAware-PDDL-Configurator/logs/stage2/error_dumps/TIMEOUT/2348_TIMEOUT.txt
2026-05-09T04:03:36.530612+00:00,PLANNER,2349,snake,instance-18.pddl,decstar,TIMEOUT,/Users/danielehab/My Drive/ArchAware-PDDL-Configurator/logs/stage2/error_dumps/TIMEOUT/2349_TIMEOUT.txt
2026-05-09T04:06:27.874561+00:00,PLANNER,2350,ricochet-robots,instance-14.pddl,madagascar,TIMEOUT,/Users/danielehab/My Drive/ArchAware-PDDL-Configurator/logs/stage2/error_dumps/TIMEOUT/2350_TIMEOUT.txt
2026-05-09T04:09:36.382022+00:00,PLANNER,2351,snake,instance-19.pddl,decstar,TIMEOUT,/Users/danielehab/My Drive/ArchAware-PDDL-Configurator/logs/stage2/error_dumps/TIMEOUT/2351_TIMEOUT.txt
2026-05-09T04:12:28.280439+00:00,PLANNER,2352,ricochet-robots,instance-16.pddl,madagascar,TIMEOUT,/Users/danielehab/My Drive/ArchAware-PDDL-Configurator/logs/stage2/error_dumps/TIMEOUT/2352_TIMEOUT.txt
2026-05-09T04:15:36.083941+00:00,PLANNER,2353,ricochet-robots,instance-01.pddl,decstar,TIMEOUT,/Users/danielehab/My Drive/ArchAware-PDDL-Configurator/logs/stage2/error_dumps/TIMEOUT/2353_TIMEOUT.txt
2026-05-09T04:18:28.698857+00:00,PLANNER,2354,ricochet-robots,instance-17.pddl,madagascar,TIMEOUT,/Users/danielehab/My Drive/ArchAware-PDDL-Configurator/logs/stage2/error_dumps/TIMEOUT/2354_TIMEOUT.txt
2026-05-09T04:24:29.101577+00:00,PLANNER,2357,ricochet-robots,instance-18.pddl,madagascar,TIMEOUT,/Users/danielehab/My Drive/ArchAware-PDDL-Configurator/logs/stage2/error_dumps/TIMEOUT/2357_TIMEOUT.txt
2026-05-09T04:25:27.417874+00:00,PLANNER,2358,ricochet-robots,instance-04.pddl,decstar,TIMEOUT,/Users/danielehab/My Drive/ArchAware-PDDL-Configurator/logs/stage2/error_dumps/TIMEOUT/2358_TIMEOUT.txt
2026-05-09T04:30:29.495573+00:00,PLANNER,2360,ricochet-robots,instance-19.pddl,madagascar,TIMEOUT,/Users/danielehab/My Drive/ArchAware-PDDL-Configurator/logs/stage2/error_dumps/TIMEOUT/2360_TIMEOUT.txt
2026-05-09T04:32:31.716889+00:00,PLANNER,2363,ricochet-robots,instance-08.pddl,decstar,TIMEOUT,/Users/danielehab/My Drive/ArchAware-PDDL-Configurator/logs/stage2/error_dumps/TIMEOUT/2363_TIMEOUT.txt
2026-05-09T04:38:32.738250+00:00,PLANNER,2366,snake,instance-04.pddl,madagascar,TIMEOUT,/Users/danielehab/My Drive/ArchAware-PDDL-Configurator/logs/stage2/error_dumps/TIMEOUT/2366_TIMEOUT.txt
2026-05-09T04:38:46.814899+00:00,PLANNER,2367,ricochet-robots,instance-11.pddl,decstar,TIMEOUT,/Users/danielehab/My Drive/ArchAware-PDDL-Configurator/logs/stage2/error_dumps/TIMEOUT/2367_TIMEOUT.txt
2026-05-09T04:44:46.572354+00:00,PLANNER,2369,ricochet-robots,instance-12.pddl,decstar,TIMEOUT,/Users/danielehab/My Drive/ArchAware-PDDL-Configurator/logs/stage2/error_dumps/TIMEOUT/2369_TIMEOUT.txt
2026-05-09T04:44:49.803743+00:00,PLANNER,2370,snake,instance-08.pddl,madagascar,TIMEOUT,/Users/danielehab/My Drive/ArchAware-PDDL-Configurator/logs/stage2/error_dumps/TIMEOUT/2370_TIMEOUT.txt
2026-05-09T04:50:50.200531+00:00,PLANNER,2372,snake,instance-09.pddl,madagascar,TIMEOUT,/Users/danielehab/My Drive/ArchAware-PDDL-Configurator/logs/stage2/error_dumps/TIMEOUT/2372_TIMEOUT.txt
2026-05-09T04:51:07.274089+00:00,PLANNER,2373,ricochet-robots,instance-14.pddl,decstar,TIMEOUT,/Users/danielehab/My Drive/ArchAware-PDDL-Configurator/logs/stage2/error_dumps/TIMEOUT/2373_TIMEOUT.txt
2026-05-09T04:57:07.038563+00:00,PLANNER,2375,ricochet-robots,instance-16.pddl,decstar,TIMEOUT,/Users/danielehab/My Drive/ArchAware-PDDL-Configurator/logs/stage2/error_dumps/TIMEOUT/2375_TIMEOUT.txt
2026-05-09T04:58:36.573543+00:00,PLANNER,2376,snake,instance-12.pddl,madagascar,TIMEOUT,/Users/danielehab/My Drive/ArchAware-PDDL-Configurator/logs/stage2/error_dumps/TIMEOUT/2376_TIMEOUT.txt
2026-05-09T05:03:05.937489+00:00,PLANNER,2377,ricochet-robots,instance-17.pddl,decstar,TIMEOUT,/Users/danielehab/My Drive/ArchAware-PDDL-Configurator/logs/stage2/error_dumps/TIMEOUT/2377_TIMEOUT.txt
2026-05-09T05:04:37.007165+00:00,PLANNER,2378,snake,instance-13.pddl,madagascar,TIMEOUT,/Users/danielehab/My Drive/ArchAware-PDDL-Configurator/logs/stage2/error_dumps/TIMEOUT/2378_TIMEOUT.txt
2026-05-09T05:09:04.934188+00:00,PLANNER,2379,ricochet-robots,instance-18.pddl,decstar,TIMEOUT,/Users/danielehab/My Drive/ArchAware-PDDL-Configurator/logs/stage2/error_dumps/TIMEOUT/2379_TIMEOUT.txt
2026-05-09T05:10:37.452995+00:00,PLANNER,2380,snake,instance-14.pddl,madagascar,TIMEOUT,/Users/danielehab/My Drive/ArchAware-PDDL-Configurator/logs/stage2/error_dumps/TIMEOUT/2380_TIMEOUT.txt
2026-05-09T05:15:04.169522+00:00,PLANNER,2381,ricochet-robots,instance-19.pddl,decstar,TIMEOUT,/Users/danielehab/My Drive/ArchAware-PDDL-Configurator/logs/stage2/error_dumps/TIMEOUT/2381_TIMEOUT.txt
2026-05-09T05:16:37.921028+00:00,PLANNER,2382,snake,instance-16.pddl,madagascar,TIMEOUT,/Users/danielehab/My Drive/ArchAware-PDDL-Configurator/logs/stage2/error_dumps/TIMEOUT/2382_TIMEOUT.txt
2026-05-09T05:21:03.029259+00:00,PLANNER,2383,ricochet-robots,instance-01.pddl,decstar,TIMEOUT,/Users/danielehab/My Drive/ArchAware-PDDL-Configurator/logs/stage2/error_dumps/TIMEOUT/2383_TIMEOUT.txt
2026-05-09T05:22:38.410723+00:00,PLANNER,2384,snake,instance-17.pddl,madagascar,TIMEOUT,/Users/danielehab/My Drive/ArchAware-PDDL-Configurator/logs/stage2/error_dumps/TIMEOUT/2384_TIMEOUT.txt
2026-05-09T05:28:38.881741+00:00,PLANNER,2387,snake,instance-18.pddl,madagascar,TIMEOUT,/Users/danielehab/My Drive/ArchAware-PDDL-Configurator/logs/stage2/error_dumps/TIMEOUT/2387_TIMEOUT.txt
2026-05-09T05:30:52.956016+00:00,PLANNER,2388,ricochet-robots,instance-04.pddl,decstar,TIMEOUT,/Users/danielehab/My Drive/ArchAware-PDDL-Configurator/logs/stage2/error_dumps/TIMEOUT/2388_TIMEOUT.txt
2026-05-09T05:34:39.368091+00:00,PLANNER,2390,snake,instance-19.pddl,madagascar,TIMEOUT,/Users/danielehab/My Drive/ArchAware-PDDL-Configurator/logs/stage2/error_dumps/TIMEOUT/2390_TIMEOUT.txt
2026-05-09T05:37:57.364006+00:00,PLANNER,2406,ricochet-robots,instance-08.pddl,decstar,TIMEOUT,/Users/danielehab/My Drive/ArchAware-PDDL-Configurator/logs/stage2/error_dumps/TIMEOUT/2406_TIMEOUT.txt
2026-05-09T05:40:47.766396+00:00,PLANNER,2408,ricochet-robots,instance-01.pddl,madagascar,TIMEOUT,/Users/danielehab/My Drive/ArchAware-PDDL-Configurator/logs/stage2/error_dumps/TIMEOUT/2408_TIMEOUT.txt
2026-05-09T05:44:13.427638+00:00,PLANNER,2409,ricochet-robots,instance-11.pddl,decstar,TIMEOUT,/Users/danielehab/My Drive/ArchAware-PDDL-Configurator/logs/stage2/error_dumps/TIMEOUT/2409_TIMEOUT.txt
2026-05-09T05:46:48.168478+00:00,PLANNER,2410,ricochet-robots,instance-02.pddl,madagascar,TIMEOUT,/Users/danielehab/My Drive/ArchAware-PDDL-Configurator/logs/stage2/error_dumps/TIMEOUT/2410_TIMEOUT.txt
2026-05-09T05:50:12.250280+00:00,PLANNER,2411,ricochet-robots,instance-12.pddl,decstar,TIMEOUT,/Users/danielehab/My Drive/ArchAware-PDDL-Configurator/logs/stage2/error_dumps/TIMEOUT/2411_TIMEOUT.txt
2026-05-09T05:52:48.572469+00:00,PLANNER,2413,ricochet-robots,instance-03.pddl,madagascar,TIMEOUT,/Users/danielehab/My Drive/ArchAware-PDDL-Configurator/logs/stage2/error_dumps/TIMEOUT/2413_TIMEOUT.txt
2026-05-09T05:56:32.988786+00:00,PLANNER,2414,ricochet-robots,instance-14.pddl,decstar,TIMEOUT,/Users/danielehab/My Drive/ArchAware-PDDL-Configurator/logs/stage2/error_dumps/TIMEOUT/2414_TIMEOUT.txt
2026-05-09T05:58:48.978183+00:00,PLANNER,2415,ricochet-robots,instance-04.pddl,madagascar,TIMEOUT,/Users/danielehab/My Drive/ArchAware-PDDL-Configurator/logs/stage2/error_dumps/TIMEOUT/2415_TIMEOUT.txt
2026-05-09T06:02:31.808826+00:00,PLANNER,2416,ricochet-robots,instance-16.pddl,decstar,TIMEOUT,/Users/danielehab/My Drive/ArchAware-PDDL-Configurator/logs/stage2/error_dumps/TIMEOUT/2416_TIMEOUT.txt
2026-05-09T06:04:49.370343+00:00,PLANNER,2417,ricochet-robots,instance-07.pddl,madagascar,TIMEOUT,/Users/danielehab/My Drive/ArchAware-PDDL-Configurator/logs/stage2/error_dumps/TIMEOUT/2417_TIMEOUT.txt
2026-05-09T06:08:31.677175+00:00,PLANNER,2418,ricochet-robots,instance-17.pddl,decstar,TIMEOUT,/Users/danielehab/My Drive/ArchAware-PDDL-Configurator/logs/stage2/error_dumps/TIMEOUT/2418_TIMEOUT.txt
2026-05-09T06:10:49.773206+00:00,PLANNER,2419,ricochet-robots,instance-08.pddl,madagascar,TIMEOUT,/Users/danielehab/My Drive/ArchAware-PDDL-Configurator/logs/stage2/error_dumps/TIMEOUT/2419_TIMEOUT.txt
2026-05-09T06:14:30.764675+00:00,PLANNER,2420,ricochet-robots,instance-18.pddl,decstar,TIMEOUT,/Users/danielehab/My Drive/ArchAware-PDDL-Configurator/logs/stage2/error_dumps/TIMEOUT/2420_TIMEOUT.txt
2026-05-09T06:16:50.161542+00:00,PLANNER,2421,ricochet-robots,instance-09.pddl,madagascar,TIMEOUT,/Users/danielehab/My Drive/ArchAware-PDDL-Configurator/logs/stage2/error_dumps/TIMEOUT/2421_TIMEOUT.txt
2026-05-09T06:20:30.078924+00:00,PLANNER,2422,ricochet-robots,instance-19.pddl,decstar,TIMEOUT,/Users/danielehab/My Drive/ArchAware-PDDL-Configurator/logs/stage2/error_dumps/TIMEOUT/2422_TIMEOUT.txt
2026-05-09T06:22:50.551858+00:00,PLANNER,2431,ricochet-robots,instance-11.pddl,madagascar,TIMEOUT,/Users/danielehab/My Drive/ArchAware-PDDL-Configurator/logs/stage2/error_dumps/TIMEOUT/2431_TIMEOUT.txt
2026-05-09T06:23:14.233054+00:00,PLANNER,2432,depots,instance-12.pddl,decstar,TIMEOUT,/Users/danielehab/My Drive/ArchAware-PDDL-Configurator/logs/stage2/error_dumps/TIMEOUT/2432_TIMEOUT.txt
2026-05-09T06:28:50.938854+00:00,PLANNER,2439,ricochet-robots,instance-12.pddl,madagascar,TIMEOUT,/Users/danielehab/My Drive/ArchAware-PDDL-Configurator/logs/stage2/error_dumps/TIMEOUT/2439_TIMEOUT.txt
2026-05-09T06:29:24.529267+00:00,PLANNER,2440,barman,instance-01.pddl,decstar,TIMEOUT,/Users/danielehab/My Drive/ArchAware-PDDL-Configurator/logs/stage2/error_dumps/TIMEOUT/2440_TIMEOUT.txt
2026-05-09T06:34:51.317980+00:00,PLANNER,2441,ricochet-robots,instance-13.pddl,madagascar,TIMEOUT,/Users/danielehab/My Drive/ArchAware-PDDL-Configurator/logs/stage2/error_dumps/TIMEOUT/2441_TIMEOUT.txt
2026-05-09T06:35:23.936219+00:00,PLANNER,2442,barman,instance-02.pddl,decstar,TIMEOUT,/Users/danielehab/My Drive/ArchAware-PDDL-Configurator/logs/stage2/error_dumps/TIMEOUT/2442_TIMEOUT.txt
2026-05-09T06:40:51.700721+00:00,PLANNER,2445,ricochet-robots,instance-14.pddl,madagascar,TIMEOUT,/Users/danielehab/My Drive/ArchAware-PDDL-Configurator/logs/stage2/error_dumps/TIMEOUT/2445_TIMEOUT.txt
2026-05-09T06:46:45.023985+00:00,PLANNER,2446,barman,instance-07.pddl,decstar,TIMEOUT,/Users/danielehab/My Drive/ArchAware-PDDL-Configurator/logs/stage2/error_dumps/TIMEOUT/2446_TIMEOUT.txt
2026-05-09T06:46:52.095393+00:00,PLANNER,2447,ricochet-robots,instance-16.pddl,madagascar,TIMEOUT,/Users/danielehab/My Drive/ArchAware-PDDL-Configurator/logs/stage2/error_dumps/TIMEOUT/2447_TIMEOUT.txt
2026-05-09T06:52:44.366348+00:00,PLANNER,2448,barman,instance-08.pddl,decstar,TIMEOUT,/Users/danielehab/My Drive/ArchAware-PDDL-Configurator/logs/stage2/error_dumps/TIMEOUT/2448_TIMEOUT.txt
2026-05-09T06:52:52.498264+00:00,PLANNER,2449,ricochet-robots,instance-17.pddl,madagascar,TIMEOUT,/Users/danielehab/My Drive/ArchAware-PDDL-Configurator/logs/stage2/error_dumps/TIMEOUT/2449_TIMEOUT.txt
2026-05-09T06:58:43.598809+00:00,PLANNER,2450,barman,instance-09.pddl,decstar,TIMEOUT,/Users/danielehab/My Drive/ArchAware-PDDL-Configurator/logs/stage2/error_dumps/TIMEOUT/2450_TIMEOUT.txt
2026-05-09T06:58:52.905289+00:00,PLANNER,2451,ricochet-robots,instance-18.pddl,madagascar,TIMEOUT,/Users/danielehab/My Drive/ArchAware-PDDL-Configurator/logs/stage2/error_dumps/TIMEOUT/2451_TIMEOUT.txt
2026-05-09T07:04:42.991158+00:00,PLANNER,2452,barman,instance-11.pddl,decstar,TIMEOUT,/Users/danielehab/My Drive/ArchAware-PDDL-Configurator/logs/stage2/error_dumps/TIMEOUT/2452_TIMEOUT.txt
2026-05-09T07:04:53.332211+00:00,PLANNER,2453,ricochet-robots,instance-19.pddl,madagascar,TIMEOUT,/Users/danielehab/My Drive/ArchAware-PDDL-Configurator/logs/stage2/error_dumps/TIMEOUT/2453_TIMEOUT.txt
2026-05-09T07:10:42.625465+00:00,PLANNER,2454,barman,instance-12.pddl,decstar,TIMEOUT,/Users/danielehab/My Drive/ArchAware-PDDL-Configurator/logs/stage2/error_dumps/TIMEOUT/2454_TIMEOUT.txt
2026-05-09T07:16:41.951637+00:00,PLANNER,2456,barman,instance-13.pddl,decstar,TIMEOUT,/Users/danielehab/My Drive/ArchAware-PDDL-Configurator/logs/stage2/error_dumps/TIMEOUT/2456_TIMEOUT.txt
2026-05-09T07:16:45.964531+00:00,PLANNER,2457,barman,instance-02.pddl,madagascar,TIMEOUT,/Users/danielehab/My Drive/ArchAware-PDDL-Configurator/logs/stage2/error_dumps/TIMEOUT/2457_TIMEOUT.txt
2026-05-09T07:22:46.363451+00:00,PLANNER,2459,barman,instance-03.pddl,madagascar,TIMEOUT,/Users/danielehab/My Drive/ArchAware-PDDL-Configurator/logs/stage2/error_dumps/TIMEOUT/2459_TIMEOUT.txt
2026-05-09T07:23:59.133530+00:00,PLANNER,2460,barman,instance-16.pddl,decstar,TIMEOUT,/Users/danielehab/My Drive/ArchAware-PDDL-Configurator/logs/stage2/error_dumps/TIMEOUT/2460_TIMEOUT.txt
2026-05-09T07:30:00.821905+00:00,PLANNER,2463,barman,instance-18.pddl,decstar,TIMEOUT,/Users/danielehab/My Drive/ArchAware-PDDL-Configurator/logs/stage2/error_dumps/TIMEOUT/2463_TIMEOUT.txt
2026-05-09T07:33:42.501093+00:00,PLANNER,2464,barman,instance-07.pddl,madagascar,TIMEOUT,/Users/danielehab/My Drive/ArchAware-PDDL-Configurator/logs/stage2/error_dumps/TIMEOUT/2464_TIMEOUT.txt
2026-05-09T07:36:00.225300+00:00,PLANNER,2465,barman,instance-19.pddl,decstar,TIMEOUT,/Users/danielehab/My Drive/ArchAware-PDDL-Configurator/logs/stage2/error_dumps/TIMEOUT/2465_TIMEOUT.txt
2026-05-09T07:39:42.872664+00:00,PLANNER,2466,barman,instance-08.pddl,madagascar,TIMEOUT,/Users/danielehab/My Drive/ArchAware-PDDL-Configurator/logs/stage2/error_dumps/TIMEOUT/2466_TIMEOUT.txt
2026-05-09T07:54:38.381347+00:00,PLANNER,2469,barman,instance-12.pddl,madagascar,TIMEOUT,/Users/danielehab/My Drive/ArchAware-PDDL-Configurator/logs/stage2/error_dumps/TIMEOUT/2469_TIMEOUT.txt
2026-05-09T08:00:38.752056+00:00,PLANNER,2470,barman,instance-13.pddl,madagascar,TIMEOUT,/Users/danielehab/My Drive/ArchAware-PDDL-Configurator/logs/stage2/error_dumps/TIMEOUT/2470_TIMEOUT.txt
2026-05-09T08:06:39.132411+00:00,PLANNER,2471,barman,instance-14.pddl,madagascar,TIMEOUT,/Users/danielehab/My Drive/ArchAware-PDDL-Configurator/logs/stage2/error_dumps/TIMEOUT/2471_TIMEOUT.txt
2026-05-09T08:12:39.498775+00:00,PLANNER,2472,barman,instance-16.pddl,madagascar,TIMEOUT,/Users/danielehab/My Drive/ArchAware-PDDL-Configurator/logs/stage2/error_dumps/TIMEOUT/2472_TIMEOUT.txt
2026-05-09T08:20:14.331414+00:00,PLANNER,2474,barman,instance-18.pddl,madagascar,TIMEOUT,/Users/danielehab/My Drive/ArchAware-PDDL-Configurator/logs/stage2/error_dumps/TIMEOUT/2474_TIMEOUT.txt
2026-05-09T08:26:14.721096+00:00,PLANNER,2475,barman,instance-19.pddl,madagascar,TIMEOUT,/Users/danielehab/My Drive/ArchAware-PDDL-Configurator/logs/stage2/error_dumps/TIMEOUT/2475_TIMEOUT.txt
2026-05-09T08:33:19.350252+00:00,PLANNER,2492,barman,instance-02.pddl,madagascar,TIMEOUT,/Users/danielehab/My Drive/ArchAware-PDDL-Configurator/logs/stage2/error_dumps/TIMEOUT/2492_TIMEOUT.txt
2026-05-09T08:39:19.733795+00:00,PLANNER,2493,barman,instance-03.pddl,madagascar,TIMEOUT,/Users/danielehab/My Drive/ArchAware-PDDL-Configurator/logs/stage2/error_dumps/TIMEOUT/2493_TIMEOUT.txt
2026-05-09T08:45:43.709921+00:00,PLANNER,2495,barman,instance-07.pddl,madagascar,TIMEOUT,/Users/danielehab/My Drive/ArchAware-PDDL-Configurator/logs/stage2/error_dumps/TIMEOUT/2495_TIMEOUT.txt
2026-05-09T08:51:44.093301+00:00,PLANNER,2496,barman,instance-08.pddl,madagascar,TIMEOUT,/Users/danielehab/My Drive/ArchAware-PDDL-Configurator/logs/stage2/error_dumps/TIMEOUT/2496_TIMEOUT.txt
2026-05-09T08:57:44.465105+00:00,PLANNER,2497,barman,instance-09.pddl,madagascar,TIMEOUT,/Users/danielehab/My Drive/ArchAware-PDDL-Configurator/logs/stage2/error_dumps/TIMEOUT/2497_TIMEOUT.txt
2026-05-09T09:03:44.839992+00:00,PLANNER,2498,barman,instance-11.pddl,madagascar,TIMEOUT,/Users/danielehab/My Drive/ArchAware-PDDL-Configurator/logs/stage2/error_dumps/TIMEOUT/2498_TIMEOUT.txt
2026-05-09T09:09:45.217556+00:00,PLANNER,2499,barman,instance-12.pddl,madagascar,TIMEOUT,/Users/danielehab/My Drive/ArchAware-PDDL-Configurator/logs/stage2/error_dumps/TIMEOUT/2499_TIMEOUT.txt
2026-05-09T09:15:45.598589+00:00,PLANNER,2500,barman,instance-13.pddl,madagascar,TIMEOUT,/Users/danielehab/My Drive/ArchAware-PDDL-Configurator/logs/stage2/error_dumps/TIMEOUT/2500_TIMEOUT.txt
2026-05-09T09:21:45.972114+00:00,PLANNER,2501,barman,instance-14.pddl,madagascar,TIMEOUT,/Users/danielehab/My Drive/ArchAware-PDDL-Configurator/logs/stage2/error_dumps/TIMEOUT/2501_TIMEOUT.txt
2026-05-09T09:27:46.351852+00:00,PLANNER,2502,barman,instance-16.pddl,madagascar,TIMEOUT,/Users/danielehab/My Drive/ArchAware-PDDL-Configurator/logs/stage2/error_dumps/TIMEOUT/2502_TIMEOUT.txt
2026-05-09T09:38:14.161165+00:00,PLANNER,2505,barman,instance-19.pddl,madagascar,TIMEOUT,/Users/danielehab/My Drive/ArchAware-PDDL-Configurator/logs/stage2/error_dumps/TIMEOUT/2505_TIMEOUT.txt
