Run_ID,Domain_Name,Domain_File,Problem_Instance,Planner_Used,Stage,LLM_Used,PromptID,PlanCost,Runtime_internal_s,Runtime_wall_s,Output_Status,StatesExpanded,StatesGenerated,StatesEvaluated,PeakMemoryKB,Timestamp
1,visitall,domain.pddl,instance-01.pddl,bfws,BASELINE,N/A,N/A,919,0.335958,2.051645,SUCCESS,1118,3895,N/A,N/A,2026-04-29T11:44:37.219055+00:00
2,visitall,domain.pddl,instance-02.pddl,bfws,BASELINE,N/A,N/A,1028,0.436712,1.748068,SUCCESS,2144,5448,N/A,N/A,2026-04-29T11:44:39.015835+00:00
3,visitall,domain.pddl,instance-01.pddl,lama,BASELINE,N/A,N/A,1130,2.9137,4.71551,SUCCESS,4799,18850,4800,20004,2026-04-29T11:44:39.893040+00:00
4,visitall,domain.pddl,instance-03.pddl,bfws,BASELINE,N/A,N/A,1043,0.450737,1.944906,SUCCESS,1254,4342,N/A,N/A,2026-04-29T11:44:41.008732+00:00
5,visitall,domain.pddl,instance-04.pddl,bfws,BASELINE,N/A,N/A,1110,0.481033,1.900058,SUCCESS,1355,4688,N/A,N/A,2026-04-29T11:44:42.958698+00:00
6,visitall,domain.pddl,instance-02.pddl,lama,BASELINE,N/A,N/A,1326,3.275892,4.600311,SUCCESS,5708,22570,5709,21204,2026-04-29T11:44:44.546460+00:00
7,visitall,domain.pddl,instance-03.pddl,lama,BASELINE,N/A,N/A,1318,3.636628,5.035175,SUCCESS,6814,26686,6815,22808,2026-04-29T11:44:49.644203+00:00
8,visitall,domain.pddl,instance-07.pddl,bfws,BASELINE,N/A,N/A,2743,6.37813,11.30326,SUCCESS,3580,11966,N/A,N/A,2026-04-29T11:44:54.325326+00:00
9,visitall,domain.pddl,instance-04.pddl,lama,BASELINE,N/A,N/A,1573,4.340898,5.908766,SUCCESS,7734,30444,7735,24432,2026-04-29T11:44:55.625540+00:00
10,visitall,domain.pddl,instance-08.pddl,bfws,BASELINE,N/A,N/A,2850,6.8368,11.96876,SUCCESS,3717,12467,N/A,N/A,2026-04-29T11:45:06.352142+00:00
11,visitall,domain.pddl,instance-09.pddl,bfws,BASELINE,N/A,N/A,2959,7.16777,12.363077,SUCCESS,3949,13068,N/A,N/A,2026-04-29T11:45:18.766884+00:00
12,visitall,domain.pddl,instance-07.pddl,lama,BASELINE,N/A,N/A,3494,29.24995,32.177268,SUCCESS,20520,81445,20521,68636,2026-04-29T11:45:27.857188+00:00
13,visitall,domain.pddl,instance-11.pddl,bfws,BASELINE,N/A,N/A,3179,13.2773,19.813984,SUCCESS,4210,13952,N/A,N/A,2026-04-29T11:45:38.634833+00:00
14,visitall,domain.pddl,instance-12.pddl,bfws,BASELINE,N/A,N/A,3294,12.406,18.843515,SUCCESS,4347,14400,N/A,N/A,2026-04-29T11:45:57.535724+00:00
15,visitall,domain.pddl,instance-08.pddl,lama,BASELINE,N/A,N/A,3828,32.756766,35.630193,SUCCESS,21596,85818,21597,73448,2026-04-29T11:46:03.549443+00:00
16,visitall,domain.pddl,instance-13.pddl,bfws,BASELINE,N/A,N/A,3411,14.8595,22.239913,SUCCESS,4581,14980,N/A,N/A,2026-04-29T11:46:19.828887+00:00
17,visitall,domain.pddl,instance-09.pddl,lama,BASELINE,N/A,N/A,3769,36.303794,39.282313,SUCCESS,21568,85742,21569,75092,2026-04-29T11:46:42.886868+00:00
18,visitall,domain.pddl,instance-14.pddl,bfws,BASELINE,N/A,N/A,3632,23.8598,31.049515,SUCCESS,8139,20010,N/A,N/A,2026-04-29T11:46:50.934348+00:00
19,visitall,domain.pddl,instance-16.pddl,bfws,BASELINE,N/A,N/A,3770,16.1121,24.480186,SUCCESS,5002,16547,N/A,N/A,2026-04-29T11:47:15.466305+00:00
20,visitall,domain.pddl,instance-11.pddl,lama,BASELINE,N/A,N/A,4062,41.072404,44.235115,SUCCESS,22870,90930,22871,82800,2026-04-29T11:47:27.180113+00:00
21,visitall,domain.pddl,instance-17.pddl,bfws,BASELINE,N/A,N/A,3895,21.4938,30.371675,SUCCESS,5240,17281,N/A,N/A,2026-04-29T11:47:45.890052+00:00
22,visitall,domain.pddl,instance-12.pddl,lama,BASELINE,N/A,N/A,4449,43.678097,46.920457,SUCCESS,23085,91639,23086,85468,2026-04-29T11:48:14.158356+00:00
23,visitall,domain.pddl,instance-18.pddl,bfws,BASELINE,N/A,N/A,4132,31.937,40.944981,SUCCESS,9349,22945,N/A,N/A,2026-04-29T11:48:26.888437+00:00
24,visitall,domain.pddl,instance-19.pddl,bfws,BASELINE,N/A,N/A,4147,22.9152,32.564514,SUCCESS,5571,18216,N/A,N/A,2026-04-29T11:48:59.505283+00:00
25,snake,domain.pddl,instance-01.pddl,bfws,BASELINE,N/A,N/A,47,0.0823149,3.474936,SUCCESS,4079,4783,N/A,N/A,2026-04-29T11:49:03.034102+00:00
26,visitall,domain.pddl,instance-13.pddl,lama,BASELINE,N/A,N/A,4304,47.053967,50.407184,SUCCESS,23596,93804,23597,89572,2026-04-29T11:49:04.621028+00:00
27,snake,domain.pddl,instance-02.pddl,bfws,BASELINE,N/A,N/A,86,33.0188,36.85394,SUCCESS,1840,3952,N/A,N/A,2026-04-29T11:49:39.942551+00:00
28,visitall,domain.pddl,instance-14.pddl,lama,BASELINE,N/A,N/A,4421,51.314958,54.940043,SUCCESS,22767,90519,22768,89764,2026-04-29T11:49:59.614282+00:00
29,snake,domain.pddl,instance-03.pddl,bfws,BASELINE,N/A,N/A,89,46.9064,50.730996,SUCCESS,2124,4326,N/A,N/A,2026-04-29T11:50:30.726352+00:00
30,visitall,domain.pddl,instance-01.pddl,decstar,BASELINE,N/A,N/A,N/A,N/A,360.0,TIMEOUT,N/A,N/A,N/A,810220,2026-04-29T11:50:35.734183+00:00
31,visitall,domain.pddl,instance-01.pddl,madagascar,BASELINE,N/A,N/A,N/A,N/A,360.0,TIMEOUT,N/A,N/A,N/A,N/A,2026-04-29T11:50:35.900416+00:00
32,visitall,domain.pddl,instance-16.pddl,lama,BASELINE,N/A,N/A,4809,67.817568,71.583127,SUCCESS,27160,107816,27161,106544,2026-04-29T11:51:11.256010+00:00
33,snake,domain.pddl,instance-04.pddl,bfws,BASELINE,N/A,N/A,133,80.3242,85.266864,SUCCESS,3302,6127,N/A,N/A,2026-04-29T11:51:56.049700+00:00
34,visitall,domain.pddl,instance-17.pddl,lama,BASELINE,N/A,N/A,5039,78.30377,82.916521,SUCCESS,31188,124065,31189,121460,2026-04-29T11:52:34.240180+00:00
35,visitall,domain.pddl,instance-18.pddl,lama,BASELINE,N/A,N/A,5057,79.723966,84.270774,SUCCESS,28272,112393,28273,116152,2026-04-29T11:53:58.577750+00:00
36,snake,domain.pddl,instance-07.pddl,bfws,BASELINE,N/A,N/A,91,157.184,164.317281,SUCCESS,2806,6347,N/A,N/A,2026-04-29T11:54:40.426915+00:00
37,visitall,domain.pddl,instance-19.pddl,lama,BASELINE,N/A,N/A,5351,92.505428,97.554661,SUCCESS,32201,127886,32202,131584,2026-04-29T11:55:36.196636+00:00
38,snake,domain.pddl,instance-01.pddl,lama,BASELINE,N/A,N/A,51,1.635865,7.144595,SUCCESS,878,2141,891,30952,2026-04-29T11:55:43.392806+00:00
39,visitall,domain.pddl,instance-02.pddl,decstar,BASELINE,N/A,N/A,N/A,N/A,360.0,TIMEOUT,N/A,N/A,N/A,689912,2026-04-29T11:56:35.848526+00:00
40,visitall,domain.pddl,instance-02.pddl,madagascar,BASELINE,N/A,N/A,N/A,N/A,360.0,TIMEOUT,N/A,N/A,N/A,N/A,2026-04-29T11:56:36.535538+00:00
41,snake,domain.pddl,instance-08.pddl,bfws,BASELINE,N/A,N/A,177,210.711,219.608782,SUCCESS,3856,8009,N/A,N/A,2026-04-29T11:58:20.092976+00:00
42,snake,domain.pddl,instance-02.pddl,lama,BASELINE,N/A,N/A,138,161.512015,167.373928,SUCCESS,202875,423907,207458,52936,2026-04-29T11:58:30.818685+00:00
43,visitall,domain.pddl,instance-03.pddl,decstar,BASELINE,N/A,N/A,N/A,N/A,360.0,TIMEOUT,N/A,N/A,N/A,756956,2026-04-29T12:02:35.666193+00:00
44,visitall,domain.pddl,instance-03.pddl,madagascar,BASELINE,N/A,N/A,N/A,N/A,360.0,TIMEOUT,N/A,N/A,N/A,N/A,2026-04-29T12:02:37.089182+00:00
45,snake,domain.pddl,instance-09.pddl,bfws,BASELINE,N/A,N/A,157,266.02,273.465038,SUCCESS,4845,9818,N/A,N/A,2026-04-29T12:02:53.610564+00:00
46,snake,domain.pddl,instance-03.pddl,lama,BASELINE,N/A,N/A,N/A,N/A,360.0,TIMEOUT,N/A,N/A,N/A,90148,2026-04-29T12:04:31.168095+00:00
47,snake,domain.pddl,instance-11.pddl,bfws,BASELINE,N/A,N/A,118,318.016,329.653987,SUCCESS,3283,7785,N/A,N/A,2026-04-29T12:08:23.316097+00:00
48,visitall,domain.pddl,instance-04.pddl,decstar,BASELINE,N/A,N/A,N/A,N/A,360.0,TIMEOUT,N/A,N/A,N/A,750948,2026-04-29T12:08:35.499517+00:00
49,visitall,domain.pddl,instance-04.pddl,madagascar,BASELINE,N/A,N/A,N/A,N/A,360.0,TIMEOUT,N/A,N/A,N/A,N/A,2026-04-29T12:08:37.604313+00:00
50,snake,domain.pddl,instance-04.pddl,lama,BASELINE,N/A,N/A,N/A,N/A,360.0,TIMEOUT,N/A,N/A,N/A,80212,2026-04-29T12:10:31.162225+00:00
51,snake,domain.pddl,instance-12.pddl,bfws,BASELINE,N/A,N/A,N/A,0.202934,360.0,TIMEOUT,8709,9583,N/A,N/A,2026-04-29T12:14:23.830316+00:00
52,visitall,domain.pddl,instance-07.pddl,decstar,BASELINE,N/A,N/A,N/A,N/A,360.0,TIMEOUT,N/A,N/A,N/A,486932,2026-04-29T12:14:34.693075+00:00
53,visitall,domain.pddl,instance-07.pddl,madagascar,BASELINE,N/A,N/A,N/A,N/A,360.0,TIMEOUT,N/A,N/A,N/A,N/A,2026-04-29T12:14:38.090654+00:00
54,snake,domain.pddl,instance-07.pddl,lama,BASELINE,N/A,N/A,N/A,N/A,360.0,TIMEOUT,N/A,N/A,N/A,75184,2026-04-29T12:16:30.987088+00:00
55,snake,domain.pddl,instance-13.pddl,bfws,BASELINE,N/A,N/A,N/A,0.216174,360.0,TIMEOUT,8187,9207,N/A,N/A,2026-04-29T12:20:24.327979+00:00
56,visitall,domain.pddl,instance-08.pddl,decstar,BASELINE,N/A,N/A,N/A,N/A,360.0,TIMEOUT,N/A,N/A,N/A,471616,2026-04-29T12:20:33.777861+00:00
57,visitall,domain.pddl,instance-08.pddl,madagascar,BASELINE,N/A,N/A,N/A,N/A,360.0,TIMEOUT,N/A,N/A,N/A,N/A,2026-04-29T12:20:38.612171+00:00
58,snake,domain.pddl,instance-08.pddl,lama,BASELINE,N/A,N/A,N/A,N/A,360.0,TIMEOUT,N/A,N/A,N/A,69228,2026-04-29T12:22:31.211590+00:00
59,snake,domain.pddl,instance-14.pddl,bfws,BASELINE,N/A,N/A,N/A,0.274702,360.0,TIMEOUT,10867,11961,N/A,N/A,2026-04-29T12:26:24.807291+00:00
60,visitall,domain.pddl,instance-09.pddl,decstar,BASELINE,N/A,N/A,N/A,N/A,360.0,TIMEOUT,N/A,N/A,N/A,442456,2026-04-29T12:26:32.805098+00:00
61,visitall,domain.pddl,instance-09.pddl,madagascar,BASELINE,N/A,N/A,N/A,N/A,360.0,TIMEOUT,N/A,N/A,N/A,N/A,2026-04-29T12:26:39.123277+00:00
62,snake,domain.pddl,instance-09.pddl,lama,BASELINE,N/A,N/A,N/A,N/A,360.0,TIMEOUT,N/A,N/A,N/A,69468,2026-04-29T12:28:31.341403+00:00
63,snake,domain.pddl,instance-16.pddl,bfws,BASELINE,N/A,N/A,N/A,0.551569,360.0,TIMEOUT,15458,17539,N/A,N/A,2026-04-29T12:32:25.287449+00:00
64,visitall,domain.pddl,instance-11.pddl,decstar,BASELINE,N/A,N/A,N/A,N/A,360.0,TIMEOUT,N/A,N/A,N/A,407456,2026-04-29T12:32:31.938614+00:00
65,visitall,domain.pddl,instance-11.pddl,madagascar,BASELINE,N/A,N/A,N/A,N/A,360.0,TIMEOUT,N/A,N/A,N/A,N/A,2026-04-29T12:32:39.585160+00:00
66,snake,domain.pddl,instance-11.pddl,lama,BASELINE,N/A,N/A,N/A,N/A,360.0,TIMEOUT,N/A,N/A,N/A,79736,2026-04-29T12:34:32.010728+00:00
67,snake,domain.pddl,instance-17.pddl,bfws,BASELINE,N/A,N/A,N/A,0.435413,360.0,TIMEOUT,10722,11956,N/A,N/A,2026-04-29T12:38:25.793546+00:00
68,visitall,domain.pddl,instance-12.pddl,decstar,BASELINE,N/A,N/A,N/A,N/A,360.0,TIMEOUT,N/A,N/A,N/A,384428,2026-04-29T12:38:31.218321+00:00
69,visitall,domain.pddl,instance-12.pddl,madagascar,BASELINE,N/A,N/A,N/A,N/A,360.0,TIMEOUT,N/A,N/A,N/A,N/A,2026-04-29T12:38:40.058507+00:00
70,snake,domain.pddl,instance-12.pddl,lama,BASELINE,N/A,N/A,N/A,N/A,360.0,TIMEOUT,N/A,N/A,N/A,95072,2026-04-29T12:40:32.067910+00:00
71,snake,domain.pddl,instance-18.pddl,bfws,BASELINE,N/A,N/A,N/A,0.670758,360.0,TIMEOUT,14638,16593,N/A,N/A,2026-04-29T12:44:26.310896+00:00
72,visitall,domain.pddl,instance-13.pddl,decstar,BASELINE,N/A,N/A,N/A,N/A,360.0,TIMEOUT,N/A,N/A,N/A,373024,2026-04-29T12:44:30.778328+00:00
73,visitall,domain.pddl,instance-13.pddl,madagascar,BASELINE,N/A,N/A,N/A,N/A,360.0,TIMEOUT,N/A,N/A,N/A,N/A,2026-04-29T12:44:40.552807+00:00
74,snake,domain.pddl,instance-13.pddl,lama,BASELINE,N/A,N/A,N/A,N/A,360.0,TIMEOUT,N/A,N/A,N/A,95576,2026-04-29T12:46:31.881611+00:00
75,snake,domain.pddl,instance-19.pddl,bfws,BASELINE,N/A,N/A,N/A,0.784792,360.0,TIMEOUT,16387,18689,N/A,N/A,2026-04-29T12:50:26.840337+00:00
76,visitall,domain.pddl,instance-14.pddl,decstar,BASELINE,N/A,N/A,N/A,N/A,360.0,TIMEOUT,N/A,N/A,N/A,364680,2026-04-29T12:50:30.079363+00:00
77,visitall,domain.pddl,instance-14.pddl,madagascar,BASELINE,N/A,N/A,N/A,N/A,360.0,TIMEOUT,N/A,N/A,N/A,N/A,2026-04-29T12:50:41.028972+00:00
78,snake,domain.pddl,instance-14.pddl,lama,BASELINE,N/A,N/A,N/A,N/A,360.0,TIMEOUT,N/A,N/A,N/A,99480,2026-04-29T12:52:32.338066+00:00
79,ricochet-robots,domain.pddl,instance-01.pddl,bfws,BASELINE,N/A,N/A,224,134.692,137.465686,SUCCESS,72344,162806,N/A,N/A,2026-04-29T12:52:44.359120+00:00
80,ricochet-robots,domain.pddl,instance-02.pddl,bfws,BASELINE,N/A,N/A,252,211.244,214.030221,SUCCESS,117737,265958,N/A,N/A,2026-04-29T12:56:18.443552+00:00
81,ricochet-robots,domain.pddl,instance-03.pddl,bfws,BASELINE,N/A,N/A,182,8.64079,11.050274,SUCCESS,4543,11240,N/A,N/A,2026-04-29T12:56:29.552211+00:00
82,visitall,domain.pddl,instance-16.pddl,decstar,BASELINE,N/A,N/A,N/A,N/A,360.0,TIMEOUT,N/A,N/A,N/A,340052,2026-04-29T12:56:29.593818+00:00
83,visitall,domain.pddl,instance-16.pddl,madagascar,BASELINE,N/A,N/A,N/A,N/A,360.0,TIMEOUT,N/A,N/A,N/A,N/A,2026-04-29T12:56:41.513135+00:00
84,snake,domain.pddl,instance-16.pddl,lama,BASELINE,N/A,N/A,N/A,N/A,360.0,TIMEOUT,N/A,N/A,N/A,122200,2026-04-29T12:58:32.548111+00:00
85,ricochet-robots,domain.pddl,instance-04.pddl,bfws,BASELINE,N/A,N/A,394,335.696,339.068934,SUCCESS,188687,410986,N/A,N/A,2026-04-29T13:02:08.675980+00:00
86,visitall,domain.pddl,instance-17.pddl,decstar,BASELINE,N/A,N/A,N/A,N/A,360.0,TIMEOUT,N/A,N/A,N/A,336336,2026-04-29T13:02:29.185377+00:00
87,visitall,domain.pddl,instance-17.pddl,madagascar,BASELINE,N/A,N/A,N/A,N/A,360.0,TIMEOUT,N/A,N/A,N/A,N/A,2026-04-29T13:02:41.994667+00:00
88,snake,domain.pddl,instance-17.pddl,lama,BASELINE,N/A,N/A,N/A,N/A,360.0,TIMEOUT,N/A,N/A,N/A,125772,2026-04-29T13:04:32.355424+00:00
89,ricochet-robots,domain.pddl,instance-07.pddl,bfws,BASELINE,N/A,N/A,430,150.777,153.474879,SUCCESS,81837,189683,N/A,N/A,2026-04-29T13:04:42.205844+00:00
90,ricochet-robots,domain.pddl,instance-08.pddl,bfws,BASELINE,N/A,N/A,254,27.7353,30.037134,SUCCESS,16803,43516,N/A,N/A,2026-04-29T13:05:12.296721+00:00
91,ricochet-robots,domain.pddl,instance-09.pddl,bfws,BASELINE,N/A,N/A,192,31.9334,34.359303,SUCCESS,15681,43940,N/A,N/A,2026-04-29T13:05:46.710348+00:00
92,visitall,domain.pddl,instance-18.pddl,decstar,BASELINE,N/A,N/A,N/A,N/A,360.0,TIMEOUT,N/A,N/A,N/A,331948,2026-04-29T13:08:28.694474+00:00
93,visitall,domain.pddl,instance-18.pddl,madagascar,BASELINE,N/A,N/A,N/A,N/A,360.0,TIMEOUT,N/A,N/A,N/A,N/A,2026-04-29T13:08:42.489224+00:00
94,snake,domain.pddl,instance-18.pddl,lama,BASELINE,N/A,N/A,N/A,N/A,360.0,TIMEOUT,N/A,N/A,N/A,130456,2026-04-29T13:10:32.173620+00:00
95,ricochet-robots,domain.pddl,instance-11.pddl,bfws,BASELINE,N/A,N/A,446,343.964,347.180981,SUCCESS,184474,399835,N/A,N/A,2026-04-29T13:11:33.950726+00:00
96,ricochet-robots,domain.pddl,instance-12.pddl,bfws,BASELINE,N/A,N/A,405,136.315,138.932807,SUCCESS,71885,172029,N/A,N/A,2026-04-29T13:13:52.936851+00:00
97,visitall,domain.pddl,instance-19.pddl,decstar,BASELINE,N/A,N/A,N/A,N/A,360.0,TIMEOUT,N/A,N/A,N/A,326796,2026-04-29T13:14:28.237110+00:00
98,snake,domain.pddl,instance-01.pddl,decstar,BASELINE,N/A,N/A,65,1.18574,4.948864,SUCCESS,634,1504,641,77136,2026-04-29T13:14:33.243082+00:00
99,visitall,domain.pddl,instance-19.pddl,madagascar,BASELINE,N/A,N/A,N/A,N/A,360.0,TIMEOUT,N/A,N/A,N/A,N/A,2026-04-29T13:14:42.989930+00:00
100,snake,domain.pddl,instance-01.pddl,madagascar,BASELINE,N/A,N/A,55,4.48,5.143312,SUCCESS,N/A,N/A,N/A,N/A,2026-04-29T13:14:48.191749+00:00
101,snake,domain.pddl,instance-02.pddl,madagascar,BASELINE,N/A,N/A,74,50.66,53.500176,SUCCESS,N/A,N/A,N/A,N/A,2026-04-29T13:15:41.753476+00:00
102,snake,domain.pddl,instance-02.pddl,decstar,BASELINE,N/A,N/A,160,107.353,111.336874,SUCCESS,138609,292412,141265,89828,2026-04-29T13:16:24.644395+00:00
103,snake,domain.pddl,instance-19.pddl,lama,BASELINE,N/A,N/A,N/A,N/A,360.0,TIMEOUT,N/A,N/A,N/A,147084,2026-04-29T13:16:32.145686+00:00
104,snake,domain.pddl,instance-03.pddl,madagascar,BASELINE,N/A,N/A,57,50.48,52.100526,SUCCESS,N/A,N/A,N/A,N/A,2026-04-29T13:16:33.906429+00:00
105,ricochet-robots,domain.pddl,instance-13.pddl,bfws,BASELINE,N/A,N/A,396,271.88,274.817825,SUCCESS,145487,326695,N/A,N/A,2026-04-29T13:18:27.808900+00:00
106,snake,domain.pddl,instance-03.pddl,decstar,BASELINE,N/A,N/A,165,159.568,163.664658,SUCCESS,204652,427121,208376,101752,2026-04-29T13:19:08.364453+00:00
107,ricochet-robots,domain.pddl,instance-01.pddl,lama,BASELINE,N/A,N/A,80,194.923354,197.491549,SUCCESS,1496563,2206797,1496564,172116,2026-04-29T13:19:49.695746+00:00
108,snake,domain.pddl,instance-04.pddl,madagascar,BASELINE,N/A,N/A,N/A,N/A,360.0,TIMEOUT,N/A,N/A,N/A,N/A,2026-04-29T13:22:34.406511+00:00
109,snake,domain.pddl,instance-07.pddl,madagascar,BASELINE,N/A,N/A,79,17.37,18.225276,SUCCESS,N/A,N/A,N/A,N/A,2026-04-29T13:22:52.685675+00:00
110,ricochet-robots,domain.pddl,instance-02.pddl,lama,BASELINE,N/A,N/A,238,274.224408,276.721822,SUCCESS,2093588,3036728,2093589,236532,2026-04-29T13:24:26.471627+00:00
111,ricochet-robots,domain.pddl,instance-14.pddl,bfws,BASELINE,N/A,N/A,N/A,0.021136,360.0,TIMEOUT,106,108,N/A,N/A,2026-04-29T13:24:28.404872+00:00
112,snake,domain.pddl,instance-04.pddl,decstar,BASELINE,N/A,N/A,N/A,N/A,360.0,TIMEOUT,N/A,N/A,N/A,132024,2026-04-29T13:25:08.359835+00:00
113,ricochet-robots,domain.pddl,instance-03.pddl,lama,BASELINE,N/A,N/A,224,107.525863,110.116221,SUCCESS,818926,1213880,818927,98484,2026-04-29T13:26:16.643581+00:00
114,snake,domain.pddl,instance-08.pddl,madagascar,BASELINE,N/A,N/A,N/A,N/A,360.0,TIMEOUT,N/A,N/A,N/A,N/A,2026-04-29T13:28:53.213715+00:00
115,ricochet-robots,domain.pddl,instance-16.pddl,bfws,BASELINE,N/A,N/A,691,331.024,333.952708,SUCCESS,154594,344438,N/A,N/A,2026-04-29T13:30:02.413101+00:00
116,snake,domain.pddl,instance-07.pddl,decstar,BASELINE,N/A,N/A,N/A,N/A,360.0,TIMEOUT,N/A,N/A,N/A,119496,2026-04-29T13:31:08.574765+00:00
117,ricochet-robots,domain.pddl,instance-04.pddl,lama,BASELINE,N/A,N/A,N/A,N/A,360.0,TIMEOUT,N/A,N/A,N/A,290440,2026-04-29T13:32:17.363935+00:00
118,ricochet-robots,domain.pddl,instance-07.pddl,lama,BASELINE,N/A,N/A,304,88.443881,90.907595,SUCCESS,661348,962503,661349,84052,2026-04-29T13:33:48.334824+00:00
119,snake,domain.pddl,instance-09.pddl,madagascar,BASELINE,N/A,N/A,N/A,N/A,360.0,TIMEOUT,N/A,N/A,N/A,N/A,2026-04-29T13:34:53.749171+00:00
120,snake,domain.pddl,instance-11.pddl,madagascar,BASELINE,N/A,N/A,103,50.93,52.360041,SUCCESS,N/A,N/A,N/A,N/A,2026-04-29T13:35:46.165642+00:00
121,ricochet-robots,domain.pddl,instance-17.pddl,bfws,BASELINE,N/A,N/A,N/A,0.03532,360.0,TIMEOUT,164,168,N/A,N/A,2026-04-29T13:36:02.937482+00:00
122,snake,domain.pddl,instance-08.pddl,decstar,BASELINE,N/A,N/A,N/A,N/A,360.0,TIMEOUT,N/A,N/A,N/A,118704,2026-04-29T13:37:08.072136+00:00
123,ricochet-robots,domain.pddl,instance-08.pddl,lama,BASELINE,N/A,N/A,N/A,N/A,360.0,TIMEOUT,N/A,N/A,N/A,303972,2026-04-29T13:39:49.110607+00:00
124,snake,domain.pddl,instance-12.pddl,madagascar,BASELINE,N/A,N/A,158,306.34,308.224912,SUCCESS,N/A,N/A,N/A,N/A,2026-04-29T13:40:54.443299+00:00
125,ricochet-robots,domain.pddl,instance-18.pddl,bfws,BASELINE,N/A,N/A,N/A,0.0473111,360.0,TIMEOUT,280,289,N/A,N/A,2026-04-29T13:42:03.461189+00:00
126,snake,domain.pddl,instance-09.pddl,decstar,BASELINE,N/A,N/A,N/A,N/A,360.0,TIMEOUT,N/A,N/A,N/A,122980,2026-04-29T13:43:07.896350+00:00
127,ricochet-robots,domain.pddl,instance-09.pddl,lama,BASELINE,N/A,N/A,N/A,N/A,360.0,TIMEOUT,N/A,N/A,N/A,306504,2026-04-29T13:45:49.986148+00:00
128,snake,domain.pddl,instance-13.pddl,madagascar,BASELINE,N/A,N/A,N/A,N/A,360.0,TIMEOUT,N/A,N/A,N/A,N/A,2026-04-29T13:46:55.032241+00:00
129,ricochet-robots,domain.pddl,instance-19.pddl,bfws,BASELINE,N/A,N/A,N/A,0.0762801,360.0,TIMEOUT,173,176,N/A,N/A,2026-04-29T13:48:03.982427+00:00
130,depots,domain.pddl,instance-01.pddl,bfws,BASELINE,N/A,N/A,13,0.001058,0.57655,SUCCESS,81,135,N/A,N/A,2026-04-29T13:48:04.614337+00:00
131,depots,domain.pddl,instance-02.pddl,bfws,BASELINE,N/A,N/A,16,0.002159,0.616535,SUCCESS,138,321,N/A,N/A,2026-04-29T13:48:05.292101+00:00
132,depots,domain.pddl,instance-03.pddl,bfws,BASELINE,N/A,N/A,57,0.146023,0.811094,SUCCESS,311,3189,N/A,N/A,2026-04-29T13:48:06.159589+00:00
133,depots,domain.pddl,instance-04.pddl,bfws,BASELINE,N/A,N/A,32,0.005559,0.693497,SUCCESS,439,903,N/A,N/A,2026-04-29T13:48:06.923973+00:00
134,depots,domain.pddl,instance-07.pddl,bfws,BASELINE,N/A,N/A,45,0.012404,0.676608,SUCCESS,944,1659,N/A,N/A,2026-04-29T13:48:07.655004+00:00
135,depots,domain.pddl,instance-08.pddl,bfws,BASELINE,N/A,N/A,68,0.049547,0.789921,SUCCESS,3713,5943,N/A,N/A,2026-04-29T13:48:08.501369+00:00
136,depots,domain.pddl,instance-09.pddl,bfws,BASELINE,N/A,N/A,116,19.7945,23.72123,SUCCESS,2442,33354,N/A,N/A,2026-04-29T13:48:32.275213+00:00
137,depots,domain.pddl,instance-11.pddl,bfws,BASELINE,N/A,N/A,110,0.194712,1.081158,SUCCESS,7378,10964,N/A,N/A,2026-04-29T13:48:33.410882+00:00
138,depots,domain.pddl,instance-12.pddl,bfws,BASELINE,N/A,N/A,131,0.628739,1.883569,SUCCESS,15859,23613,N/A,N/A,2026-04-29T13:48:35.348857+00:00
139,depots,domain.pddl,instance-13.pddl,bfws,BASELINE,N/A,N/A,30,0.005508,0.754066,SUCCESS,349,938,N/A,N/A,2026-04-29T13:48:36.161679+00:00
140,depots,domain.pddl,instance-14.pddl,bfws,BASELINE,N/A,N/A,65,0.267268,1.262815,SUCCESS,7858,10339,N/A,N/A,2026-04-29T13:48:37.484105+00:00
141,depots,domain.pddl,instance-16.pddl,bfws,BASELINE,N/A,N/A,28,0.029962,0.830799,SUCCESS,1578,2509,N/A,N/A,2026-04-29T13:48:38.376197+00:00
142,depots,domain.pddl,instance-17.pddl,bfws,BASELINE,N/A,N/A,48,0.26151,1.395322,SUCCESS,5028,9139,N/A,N/A,2026-04-29T13:48:39.826424+00:00
143,depots,domain.pddl,instance-18.pddl,bfws,BASELINE,N/A,N/A,104,0.683524,2.332964,SUCCESS,11274,21037,N/A,N/A,2026-04-29T13:48:42.213900+00:00
144,depots,domain.pddl,instance-19.pddl,bfws,BASELINE,N/A,N/A,64,7.56417,9.594847,SUCCESS,1024,39996,N/A,N/A,2026-04-29T13:48:51.864243+00:00
145,snake,domain.pddl,instance-11.pddl,decstar,BASELINE,N/A,N/A,N/A,N/A,360.0,TIMEOUT,N/A,N/A,N/A,138396,2026-04-29T13:49:08.586105+00:00
146,barman,domain.pddl,instance-01.pddl,bfws,BASELINE,N/A,N/A,195,40.4288,41.777008,SUCCESS,21692,166873,N/A,N/A,2026-04-29T13:49:33.696339+00:00
147,barman,domain.pddl,instance-02.pddl,bfws,BASELINE,N/A,N/A,222,53.1827,54.645332,SUCCESS,23615,188774,N/A,N/A,2026-04-29T13:50:28.393498+00:00
148,barman,domain.pddl,instance-03.pddl,bfws,BASELINE,N/A,N/A,261,54.0505,55.838995,SUCCESS,23869,198219,N/A,N/A,2026-04-29T13:51:24.290307+00:00
149,ricochet-robots,domain.pddl,instance-11.pddl,lama,BASELINE,N/A,N/A,N/A,N/A,360.0,TIMEOUT,N/A,N/A,N/A,296500,2026-04-29T13:51:50.961985+00:00
150,barman,domain.pddl,instance-04.pddl,bfws,BASELINE,N/A,N/A,222,33.0119,34.364211,SUCCESS,20505,159925,N/A,N/A,2026-04-29T13:51:58.717553+00:00
151,snake,domain.pddl,instance-14.pddl,madagascar,BASELINE,N/A,N/A,N/A,N/A,360.0,TIMEOUT,N/A,N/A,N/A,N/A,2026-04-29T13:52:55.598485+00:00
152,barman,domain.pddl,instance-07.pddl,bfws,BASELINE,N/A,N/A,201,56.1939,57.814278,SUCCESS,27099,221432,N/A,N/A,2026-04-29T13:52:56.587051+00:00
153,barman,domain.pddl,instance-08.pddl,bfws,BASELINE,N/A,N/A,273,76.7883,78.503783,SUCCESS,26609,220170,N/A,N/A,2026-04-29T13:54:15.144737+00:00
154,barman,domain.pddl,instance-09.pddl,bfws,BASELINE,N/A,N/A,186,23.4792,24.681982,SUCCESS,16503,125222,N/A,N/A,2026-04-29T13:54:39.881846+00:00
155,snake,domain.pddl,instance-12.pddl,decstar,BASELINE,N/A,N/A,N/A,N/A,360.0,TIMEOUT,N/A,N/A,N/A,143308,2026-04-29T13:55:09.269489+00:00
156,barman,domain.pddl,instance-11.pddl,bfws,BASELINE,N/A,N/A,234,55.7638,57.254874,SUCCESS,23416,179093,N/A,N/A,2026-04-29T13:55:37.193682+00:00
157,barman,domain.pddl,instance-12.pddl,bfws,BASELINE,N/A,N/A,241,49.0088,50.50913,SUCCESS,23569,183439,N/A,N/A,2026-04-29T13:56:27.759405+00:00
158,ricochet-robots,domain.pddl,instance-12.pddl,lama,BASELINE,N/A,N/A,N/A,N/A,360.0,TIMEOUT,N/A,N/A,N/A,299216,2026-04-29T13:57:51.705038+00:00
159,barman,domain.pddl,instance-13.pddl,bfws,BASELINE,N/A,N/A,207,133.941,136.04896,SUCCESS,49608,474131,N/A,N/A,2026-04-29T13:58:43.869437+00:00
160,snake,domain.pddl,instance-16.pddl,madagascar,BASELINE,N/A,N/A,N/A,N/A,360.0,TIMEOUT,N/A,N/A,N/A,N/A,2026-04-29T13:58:56.195255+00:00
161,ricochet-robots,domain.pddl,instance-13.pddl,lama,BASELINE,N/A,N/A,176,66.890793,69.308644,SUCCESS,471035,740331,471036,71720,2026-04-29T13:59:01.070057+00:00
162,barman,domain.pddl,instance-14.pddl,bfws,BASELINE,N/A,N/A,208,27.518,28.743472,SUCCESS,16988,129263,N/A,N/A,2026-04-29T13:59:12.664891+00:00
163,barman,domain.pddl,instance-16.pddl,bfws,BASELINE,N/A,N/A,198,50.8865,52.301998,SUCCESS,21609,172941,N/A,N/A,2026-04-29T14:00:05.021191+00:00
164,barman,domain.pddl,instance-17.pddl,bfws,BASELINE,N/A,N/A,194,20.0345,21.166842,SUCCESS,15518,115376,N/A,N/A,2026-04-29T14:00:26.244782+00:00
165,barman,domain.pddl,instance-18.pddl,bfws,BASELINE,N/A,N/A,228,41.0386,42.387276,SUCCESS,22361,177399,N/A,N/A,2026-04-29T14:01:08.687741+00:00
166,snake,domain.pddl,instance-13.pddl,decstar,BASELINE,N/A,N/A,N/A,N/A,360.0,TIMEOUT,N/A,N/A,N/A,144968,2026-04-29T14:01:09.348300+00:00
167,barman,domain.pddl,instance-19.pddl,bfws,BASELINE,N/A,N/A,236,60.5559,62.358559,SUCCESS,26169,195757,N/A,N/A,2026-04-29T14:02:11.104865+00:00
168,ricochet-robots,domain.pddl,instance-14.pddl,lama,BASELINE,N/A,N/A,277,348.697049,351.227409,SUCCESS,2740749,4081685,2740750,302676,2026-04-29T14:04:52.352574+00:00
169,snake,domain.pddl,instance-17.pddl,madagascar,BASELINE,N/A,N/A,N/A,N/A,360.0,TIMEOUT,N/A,N/A,N/A,N/A,2026-04-29T14:04:56.781366+00:00
170,snake,domain.pddl,instance-14.pddl,decstar,BASELINE,N/A,N/A,N/A,N/A,360.0,TIMEOUT,N/A,N/A,N/A,149704,2026-04-29T14:07:08.717718+00:00
171,ricochet-robots,domain.pddl,instance-16.pddl,lama,BASELINE,N/A,N/A,N/A,N/A,360.0,TIMEOUT,N/A,N/A,N/A,306816,2026-04-29T14:10:52.831809+00:00
172,snake,domain.pddl,instance-18.pddl,madagascar,BASELINE,N/A,N/A,N/A,N/A,360.0,TIMEOUT,N/A,N/A,N/A,N/A,2026-04-29T14:10:57.352382+00:00
173,snake,domain.pddl,instance-16.pddl,decstar,BASELINE,N/A,N/A,N/A,N/A,360.0,TIMEOUT,N/A,N/A,N/A,194492,2026-04-29T14:13:07.988586+00:00
174,ricochet-robots,domain.pddl,instance-17.pddl,lama,BASELINE,N/A,N/A,N/A,N/A,360.0,TIMEOUT,N/A,N/A,N/A,301928,2026-04-29T14:16:53.248095+00:00
175,snake,domain.pddl,instance-19.pddl,madagascar,BASELINE,N/A,N/A,N/A,N/A,360.0,TIMEOUT,N/A,N/A,N/A,N/A,2026-04-29T14:16:57.960766+00:00
176,snake,domain.pddl,instance-17.pddl,decstar,BASELINE,N/A,N/A,N/A,N/A,360.0,TIMEOUT,N/A,N/A,N/A,199116,2026-04-29T14:19:07.720797+00:00
177,ricochet-robots,domain.pddl,instance-18.pddl,lama,BASELINE,N/A,N/A,N/A,N/A,360.0,TIMEOUT,N/A,N/A,N/A,250916,2026-04-29T14:22:53.153843+00:00
178,ricochet-robots,domain.pddl,instance-01.pddl,madagascar,BASELINE,N/A,N/A,N/A,N/A,360.0,TIMEOUT,N/A,N/A,N/A,N/A,2026-04-29T14:22:58.456343+00:00
179,snake,domain.pddl,instance-18.pddl,decstar,BASELINE,N/A,N/A,N/A,N/A,360.0,TIMEOUT,N/A,N/A,N/A,205088,2026-04-29T14:25:07.239417+00:00
180,ricochet-robots,domain.pddl,instance-19.pddl,lama,BASELINE,N/A,N/A,N/A,N/A,360.0,TIMEOUT,N/A,N/A,N/A,193504,2026-04-29T14:28:53.670015+00:00
181,depots,domain.pddl,instance-01.pddl,lama,BASELINE,N/A,N/A,10,0.005958,0.714192,SUCCESS,19,119,20,10428,2026-04-29T14:28:54.439081+00:00
182,depots,domain.pddl,instance-02.pddl,lama,BASELINE,N/A,N/A,16,0.009041,0.764146,SUCCESS,43,332,44,10556,2026-04-29T14:28:55.257241+00:00
183,depots,domain.pddl,instance-03.pddl,lama,BASELINE,N/A,N/A,33,0.098882,0.85741,SUCCESS,3533,26192,3534,11384,2026-04-29T14:28:56.188662+00:00
184,depots,domain.pddl,instance-04.pddl,lama,BASELINE,N/A,N/A,58,0.074943,0.884186,SUCCESS,1801,14552,1802,11340,2026-04-29T14:28:57.130950+00:00
185,depots,domain.pddl,instance-07.pddl,lama,BASELINE,N/A,N/A,23,0.021057,0.846624,SUCCESS,230,2105,231,10952,2026-04-29T14:28:58.035288+00:00
186,ricochet-robots,domain.pddl,instance-02.pddl,madagascar,BASELINE,N/A,N/A,N/A,N/A,360.0,TIMEOUT,N/A,N/A,N/A,N/A,2026-04-29T14:28:58.968528+00:00
187,depots,domain.pddl,instance-08.pddl,lama,BASELINE,N/A,N/A,59,0.413714,1.360246,SUCCESS,6787,70016,6788,13172,2026-04-29T14:28:59.447141+00:00
188,depots,domain.pddl,instance-09.pddl,lama,BASELINE,N/A,N/A,124,2.143617,3.292249,SUCCESS,23825,242497,23826,19816,2026-04-29T14:29:02.794381+00:00
189,depots,domain.pddl,instance-11.pddl,lama,BASELINE,N/A,N/A,95,1.468882,2.521922,SUCCESS,17960,273311,17961,19224,2026-04-29T14:29:05.367205+00:00
190,depots,domain.pddl,instance-12.pddl,lama,BASELINE,N/A,N/A,86,4.86419,6.312213,SUCCESS,31538,565685,31539,29720,2026-04-29T14:29:11.734369+00:00
191,depots,domain.pddl,instance-13.pddl,lama,BASELINE,N/A,N/A,28,0.035463,0.951136,SUCCESS,99,1587,100,11492,2026-04-29T14:29:12.741727+00:00
192,depots,domain.pddl,instance-14.pddl,lama,BASELINE,N/A,N/A,35,0.096892,1.194754,SUCCESS,443,8019,444,12980,2026-04-29T14:29:13.993420+00:00
193,depots,domain.pddl,instance-16.pddl,lama,BASELINE,N/A,N/A,27,0.045785,1.016973,SUCCESS,138,3088,139,11968,2026-04-29T14:29:15.068167+00:00
194,depots,domain.pddl,instance-17.pddl,lama,BASELINE,N/A,N/A,26,0.082903,1.332903,SUCCESS,95,2629,96,13620,2026-04-29T14:29:16.457642+00:00
195,depots,domain.pddl,instance-18.pddl,lama,BASELINE,N/A,N/A,71,3.673128,5.495093,SUCCESS,20042,638338,20043,28804,2026-04-29T14:29:22.007557+00:00
196,depots,domain.pddl,instance-19.pddl,lama,BASELINE,N/A,N/A,40,1.156729,2.312065,SUCCESS,13466,461046,13467,21076,2026-04-29T14:29:24.374919+00:00
197,barman,domain.pddl,instance-01.pddl,lama,BASELINE,N/A,N/A,240,0.763749,1.973795,SUCCESS,8344,108218,8345,15692,2026-04-29T14:29:26.400402+00:00
198,barman,domain.pddl,instance-02.pddl,lama,BASELINE,N/A,N/A,221,0.728459,1.954351,SUCCESS,6722,93375,6723,15428,2026-04-29T14:29:28.410285+00:00
199,barman,domain.pddl,instance-03.pddl,lama,BASELINE,N/A,N/A,168,0.907711,2.159269,SUCCESS,7921,125936,7926,16376,2026-04-29T14:29:30.632952+00:00
200,barman,domain.pddl,instance-04.pddl,lama,BASELINE,N/A,N/A,258,14.346484,15.430396,SUCCESS,194310,1642792,224235,68592,2026-04-29T14:29:46.118463+00:00
201,barman,domain.pddl,instance-07.pddl,lama,BASELINE,N/A,N/A,218,1.098919,2.387409,SUCCESS,10708,149427,10709,17232,2026-04-29T14:29:48.558207+00:00
202,barman,domain.pddl,instance-08.pddl,lama,BASELINE,N/A,N/A,235,2.386148,3.693768,SUCCESS,23047,320884,23071,22172,2026-04-29T14:29:52.303916+00:00
203,barman,domain.pddl,instance-09.pddl,lama,BASELINE,N/A,N/A,223,2.215391,3.317913,SUCCESS,31987,368643,31988,22908,2026-04-29T14:29:55.673777+00:00
204,barman,domain.pddl,instance-11.pddl,lama,BASELINE,N/A,N/A,222,1.96024,3.209163,SUCCESS,20982,255683,21061,20492,2026-04-29T14:29:58.938036+00:00
205,barman,domain.pddl,instance-12.pddl,lama,BASELINE,N/A,N/A,196,2.388503,3.693472,SUCCESS,25553,361333,25573,23264,2026-04-29T14:30:02.689776+00:00
206,barman,domain.pddl,instance-13.pddl,lama,BASELINE,N/A,N/A,310,3.440998,4.753133,SUCCESS,35596,508451,35598,27436,2026-04-29T14:30:07.497995+00:00
207,barman,domain.pddl,instance-14.pddl,lama,BASELINE,N/A,N/A,212,0.611827,1.766096,SUCCESS,7059,89711,7061,14916,2026-04-29T14:30:09.320464+00:00
208,barman,domain.pddl,instance-16.pddl,lama,BASELINE,N/A,N/A,223,1.990344,3.30114,SUCCESS,21590,277708,21591,20908,2026-04-29T14:30:12.674429+00:00
209,barman,domain.pddl,instance-17.pddl,lama,BASELINE,N/A,N/A,203,0.464701,1.531706,SUCCESS,5542,70667,5543,14180,2026-04-29T14:30:14.259595+00:00
210,barman,domain.pddl,instance-18.pddl,lama,BASELINE,N/A,N/A,217,0.738475,1.922404,SUCCESS,8067,106044,8068,15568,2026-04-29T14:30:16.238293+00:00
211,barman,domain.pddl,instance-19.pddl,lama,BASELINE,N/A,N/A,238,2.028718,3.278547,SUCCESS,22297,288839,22359,21132,2026-04-29T14:30:19.568099+00:00
212,snake,domain.pddl,instance-19.pddl,decstar,BASELINE,N/A,N/A,N/A,N/A,360.0,TIMEOUT,N/A,N/A,N/A,223020,2026-04-29T14:31:07.952488+00:00
213,ricochet-robots,domain.pddl,instance-03.pddl,madagascar,BASELINE,N/A,N/A,N/A,N/A,360.0,TIMEOUT,N/A,N/A,N/A,N/A,2026-04-29T14:34:59.438324+00:00
214,ricochet-robots,domain.pddl,instance-01.pddl,decstar,BASELINE,N/A,N/A,N/A,N/A,360.0,TIMEOUT,N/A,N/A,N/A,475388,2026-04-29T14:37:06.806938+00:00
215,ricochet-robots,domain.pddl,instance-02.pddl,decstar,BASELINE,N/A,N/A,245,223.808,226.59613,SUCCESS,1855946,2688026,1855947,290500,2026-04-29T14:40:53.452410+00:00
216,ricochet-robots,domain.pddl,instance-04.pddl,madagascar,BASELINE,N/A,N/A,N/A,N/A,360.0,TIMEOUT,N/A,N/A,N/A,N/A,2026-04-29T14:40:59.923775+00:00
217,ricochet-robots,domain.pddl,instance-03.pddl,decstar,BASELINE,N/A,N/A,144,4.66632,7.341264,SUCCESS,34363,56188,34364,61352,2026-04-29T14:41:00.845619+00:00
218,ricochet-robots,domain.pddl,instance-04.pddl,decstar,BASELINE,N/A,N/A,N/A,N/A,360.0,TIMEOUT,N/A,N/A,N/A,408080,2026-04-29T14:46:59.697026+00:00
219,ricochet-robots,domain.pddl,instance-07.pddl,madagascar,BASELINE,N/A,N/A,N/A,N/A,360.0,TIMEOUT,N/A,N/A,N/A,N/A,2026-04-29T14:47:00.478782+00:00
220,ricochet-robots,domain.pddl,instance-07.pddl,decstar,BASELINE,N/A,N/A,322,61.9183,64.733859,SUCCESS,510329,726951,510330,120692,2026-04-29T14:48:04.482919+00:00
221,ricochet-robots,domain.pddl,instance-08.pddl,madagascar,BASELINE,N/A,N/A,N/A,N/A,360.0,TIMEOUT,N/A,N/A,N/A,N/A,2026-04-29T14:53:00.948071+00:00
222,ricochet-robots,domain.pddl,instance-08.pddl,decstar,BASELINE,N/A,N/A,N/A,N/A,360.0,TIMEOUT,N/A,N/A,N/A,459952,2026-04-29T14:54:03.328278+00:00
223,ricochet-robots,domain.pddl,instance-09.pddl,decstar,BASELINE,N/A,N/A,237,13.4295,16.047248,SUCCESS,107789,163744,107790,70852,2026-04-29T14:54:19.424354+00:00
224,ricochet-robots,domain.pddl,instance-09.pddl,madagascar,BASELINE,N/A,N/A,N/A,N/A,360.0,TIMEOUT,N/A,N/A,N/A,N/A,2026-04-29T14:59:01.404603+00:00
225,ricochet-robots,domain.pddl,instance-11.pddl,decstar,BASELINE,N/A,N/A,N/A,N/A,360.0,TIMEOUT,N/A,N/A,N/A,416768,2026-04-29T15:00:18.263871+00:00
226,ricochet-robots,domain.pddl,instance-11.pddl,madagascar,BASELINE,N/A,N/A,N/A,N/A,360.0,TIMEOUT,N/A,N/A,N/A,N/A,2026-04-29T15:05:01.856246+00:00
227,ricochet-robots,domain.pddl,instance-12.pddl,decstar,BASELINE,N/A,N/A,N/A,N/A,360.0,TIMEOUT,N/A,N/A,N/A,421736,2026-04-29T15:06:17.163481+00:00
228,ricochet-robots,domain.pddl,instance-13.pddl,decstar,BASELINE,N/A,N/A,202,18.1575,20.825499,SUCCESS,144509,220503,144510,75124,2026-04-29T15:06:38.037023+00:00
229,ricochet-robots,domain.pddl,instance-12.pddl,madagascar,BASELINE,N/A,N/A,N/A,N/A,360.0,TIMEOUT,N/A,N/A,N/A,N/A,2026-04-29T15:11:02.368609+00:00
230,ricochet-robots,domain.pddl,instance-14.pddl,decstar,BASELINE,N/A,N/A,N/A,N/A,360.0,TIMEOUT,N/A,N/A,N/A,386324,2026-04-29T15:12:37.002900+00:00
231,ricochet-robots,domain.pddl,instance-13.pddl,madagascar,BASELINE,N/A,N/A,N/A,N/A,360.0,TIMEOUT,N/A,N/A,N/A,N/A,2026-04-29T15:17:02.851045+00:00
232,ricochet-robots,domain.pddl,instance-16.pddl,decstar,BASELINE,N/A,N/A,N/A,N/A,360.0,TIMEOUT,N/A,N/A,N/A,404152,2026-04-29T15:18:36.718326+00:00
233,ricochet-robots,domain.pddl,instance-14.pddl,madagascar,BASELINE,N/A,N/A,N/A,N/A,360.0,TIMEOUT,N/A,N/A,N/A,N/A,2026-04-29T15:23:03.341521+00:00
234,ricochet-robots,domain.pddl,instance-17.pddl,decstar,BASELINE,N/A,N/A,N/A,N/A,360.0,TIMEOUT,N/A,N/A,N/A,399400,2026-04-29T15:24:35.558757+00:00
235,ricochet-robots,domain.pddl,instance-16.pddl,madagascar,BASELINE,N/A,N/A,N/A,N/A,360.0,TIMEOUT,N/A,N/A,N/A,N/A,2026-04-29T15:29:03.801186+00:00
236,ricochet-robots,domain.pddl,instance-18.pddl,decstar,BASELINE,N/A,N/A,N/A,N/A,360.0,TIMEOUT,N/A,N/A,N/A,314884,2026-04-29T15:30:34.575471+00:00
237,ricochet-robots,domain.pddl,instance-17.pddl,madagascar,BASELINE,N/A,N/A,N/A,N/A,360.0,TIMEOUT,N/A,N/A,N/A,N/A,2026-04-29T15:35:04.251248+00:00
238,ricochet-robots,domain.pddl,instance-19.pddl,decstar,BASELINE,N/A,N/A,N/A,N/A,360.0,TIMEOUT,N/A,N/A,N/A,286096,2026-04-29T15:36:33.958978+00:00
239,depots,domain.pddl,instance-01.pddl,decstar,BASELINE,N/A,N/A,10,0.00405095,0.860359,SUCCESS,10,43,11,51764,2026-04-29T15:36:34.869223+00:00
240,depots,domain.pddl,instance-02.pddl,decstar,BASELINE,N/A,N/A,17,0.00673063,0.984596,SUCCESS,17,100,18,51904,2026-04-29T15:36:35.901891+00:00
241,depots,domain.pddl,instance-03.pddl,decstar,BASELINE,N/A,N/A,33,0.0148274,1.126152,SUCCESS,385,2423,386,52188,2026-04-29T15:36:37.080330+00:00
242,depots,domain.pddl,instance-04.pddl,decstar,BASELINE,N/A,N/A,84,0.505888,1.793066,SUCCESS,18837,158833,18838,61776,2026-04-29T15:36:38.925999+00:00
243,depots,domain.pddl,instance-07.pddl,decstar,BASELINE,N/A,N/A,21,0.013668,1.179136,SUCCESS,191,1559,192,52256,2026-04-29T15:36:40.153367+00:00
244,depots,domain.pddl,instance-08.pddl,decstar,BASELINE,N/A,N/A,38,0.156803,1.672058,SUCCESS,3514,34997,3515,54532,2026-04-29T15:36:41.875388+00:00
245,depots,domain.pddl,instance-09.pddl,decstar,BASELINE,N/A,N/A,214,51.1131,53.041688,SUCCESS,658269,6975299,658270,420424,2026-04-29T15:37:34.969227+00:00
246,depots,domain.pddl,instance-11.pddl,decstar,BASELINE,N/A,N/A,91,0.703356,2.420799,SUCCESS,9857,115731,9858,59220,2026-04-29T15:37:37.440394+00:00
247,depots,domain.pddl,instance-12.pddl,decstar,BASELINE,N/A,N/A,N/A,28.3832,360.0,TIMEOUT,191612,3078528,191613,186640,2026-04-29T15:39:19.039859+00:00
248,depots,domain.pddl,instance-13.pddl,decstar,BASELINE,N/A,N/A,27,0.0175452,1.539083,SUCCESS,37,315,38,53172,2026-04-29T15:39:20.635249+00:00
249,depots,domain.pddl,instance-14.pddl,decstar,BASELINE,N/A,N/A,39,0.190853,1.985501,SUCCESS,2012,28003,2013,55264,2026-04-29T15:39:22.672890+00:00
250,depots,domain.pddl,instance-16.pddl,decstar,BASELINE,N/A,N/A,36,0.0238963,1.708556,SUCCESS,70,1464,71,53692,2026-04-29T15:39:24.433963+00:00
251,depots,domain.pddl,instance-17.pddl,decstar,BASELINE,N/A,N/A,38,0.0479026,1.882318,SUCCESS,73,1535,74,56052,2026-04-29T15:39:26.365347+00:00
252,depots,domain.pddl,instance-18.pddl,decstar,BASELINE,N/A,N/A,60,0.130699,2.214868,SUCCESS,222,8231,223,60376,2026-04-29T15:39:28.628627+00:00
253,depots,domain.pddl,instance-19.pddl,decstar,BASELINE,N/A,N/A,51,0.589785,2.447558,SUCCESS,7301,139613,7302,59472,2026-04-29T15:39:31.126743+00:00
254,ricochet-robots,domain.pddl,instance-18.pddl,madagascar,BASELINE,N/A,N/A,N/A,N/A,360.0,TIMEOUT,N/A,N/A,N/A,N/A,2026-04-29T15:41:04.694045+00:00
255,barman,domain.pddl,instance-01.pddl,decstar,BASELINE,N/A,N/A,N/A,N/A,360.0,TIMEOUT,N/A,N/A,N/A,1322620,2026-04-29T15:45:30.394709+00:00
256,ricochet-robots,domain.pddl,instance-19.pddl,madagascar,BASELINE,N/A,N/A,N/A,N/A,360.0,TIMEOUT,N/A,N/A,N/A,N/A,2026-04-29T15:47:05.154355+00:00
257,depots,domain.pddl,instance-01.pddl,madagascar,BASELINE,N/A,N/A,11,N/A,0.41446,SUCCESS,N/A,N/A,N/A,N/A,2026-04-29T15:47:05.634109+00:00
258,depots,domain.pddl,instance-02.pddl,madagascar,BASELINE,N/A,N/A,17,N/A,0.415592,SUCCESS,N/A,N/A,N/A,N/A,2026-04-29T15:47:06.111938+00:00
259,depots,domain.pddl,instance-03.pddl,madagascar,BASELINE,N/A,N/A,33,0.01,0.42088,SUCCESS,N/A,N/A,N/A,N/A,2026-04-29T15:47:06.596682+00:00
260,depots,domain.pddl,instance-04.pddl,madagascar,BASELINE,N/A,N/A,48,0.03,0.450332,SUCCESS,N/A,N/A,N/A,N/A,2026-04-29T15:47:07.094928+00:00
261,depots,domain.pddl,instance-07.pddl,madagascar,BASELINE,N/A,N/A,23,0.01,0.434754,SUCCESS,N/A,N/A,N/A,N/A,2026-04-29T15:47:07.580286+00:00
262,depots,domain.pddl,instance-08.pddl,madagascar,BASELINE,N/A,N/A,52,0.06,0.486151,SUCCESS,N/A,N/A,N/A,N/A,2026-04-29T15:47:08.113571+00:00
263,depots,domain.pddl,instance-09.pddl,madagascar,BASELINE,N/A,N/A,92,0.27,0.685961,SUCCESS,N/A,N/A,N/A,N/A,2026-04-29T15:47:08.846114+00:00
264,depots,domain.pddl,instance-11.pddl,madagascar,BASELINE,N/A,N/A,68,0.13,0.576638,SUCCESS,N/A,N/A,N/A,N/A,2026-04-29T15:47:09.486035+00:00
265,depots,domain.pddl,instance-12.pddl,madagascar,BASELINE,N/A,N/A,93,0.43,0.836875,SUCCESS,N/A,N/A,N/A,N/A,2026-04-29T15:47:10.377082+00:00
266,depots,domain.pddl,instance-13.pddl,madagascar,BASELINE,N/A,N/A,28,0.05,0.48054,SUCCESS,N/A,N/A,N/A,N/A,2026-04-29T15:47:10.906557+00:00
267,depots,domain.pddl,instance-14.pddl,madagascar,BASELINE,N/A,N/A,42,0.17,0.578894,SUCCESS,N/A,N/A,N/A,N/A,2026-04-29T15:47:11.534976+00:00
268,depots,domain.pddl,instance-16.pddl,madagascar,BASELINE,N/A,N/A,35,0.06,0.560793,SUCCESS,N/A,N/A,N/A,N/A,2026-04-29T15:47:12.148868+00:00
269,depots,domain.pddl,instance-17.pddl,madagascar,BASELINE,N/A,N/A,31,0.2,0.633747,SUCCESS,N/A,N/A,N/A,N/A,2026-04-29T15:47:12.830148+00:00
270,depots,domain.pddl,instance-18.pddl,madagascar,BASELINE,N/A,N/A,94,0.63,1.05936,SUCCESS,N/A,N/A,N/A,N/A,2026-04-29T15:47:13.938538+00:00
271,depots,domain.pddl,instance-19.pddl,madagascar,BASELINE,N/A,N/A,67,0.17,0.626469,SUCCESS,N/A,N/A,N/A,N/A,2026-04-29T15:47:14.611120+00:00
272,barman,domain.pddl,instance-02.pddl,decstar,BASELINE,N/A,N/A,N/A,N/A,360.0,TIMEOUT,N/A,N/A,N/A,1242116,2026-04-29T15:51:30.063066+00:00
273,barman,domain.pddl,instance-01.pddl,madagascar,BASELINE,N/A,N/A,N/A,N/A,360.0,TIMEOUT,N/A,N/A,N/A,N/A,2026-04-29T15:53:15.049291+00:00
274,barman,domain.pddl,instance-03.pddl,decstar,BASELINE,N/A,N/A,160,113.075,115.446747,SUCCESS,1265492,11590233,1266132,439396,2026-04-29T15:53:25.558865+00:00
275,barman,domain.pddl,instance-04.pddl,decstar,BASELINE,N/A,N/A,217,202.89,204.875661,SUCCESS,3305089,23371266,3434429,881772,2026-04-29T15:56:50.485256+00:00
276,barman,domain.pddl,instance-02.pddl,madagascar,BASELINE,N/A,N/A,N/A,N/A,360.0,TIMEOUT,N/A,N/A,N/A,N/A,2026-04-29T15:59:15.473567+00:00
277,barman,domain.pddl,instance-07.pddl,decstar,BASELINE,N/A,N/A,N/A,N/A,360.0,TIMEOUT,N/A,N/A,N/A,1192048,2026-04-29T16:02:50.204564+00:00
278,barman,domain.pddl,instance-03.pddl,madagascar,BASELINE,N/A,N/A,N/A,N/A,360.0,TIMEOUT,N/A,N/A,N/A,N/A,2026-04-29T16:05:16.173601+00:00
279,barman,domain.pddl,instance-04.pddl,madagascar,BASELINE,N/A,N/A,335,72.19,72.855754,SUCCESS,N/A,N/A,N/A,N/A,2026-04-29T16:06:29.075812+00:00
280,barman,domain.pddl,instance-08.pddl,decstar,BASELINE,N/A,N/A,N/A,N/A,360.0,TIMEOUT,N/A,N/A,N/A,1153420,2026-04-29T16:08:49.647610+00:00
281,barman,domain.pddl,instance-07.pddl,madagascar,BASELINE,N/A,N/A,N/A,N/A,360.0,TIMEOUT,N/A,N/A,N/A,N/A,2026-04-29T16:12:29.509086+00:00
282,barman,domain.pddl,instance-09.pddl,decstar,BASELINE,N/A,N/A,N/A,N/A,360.0,TIMEOUT,N/A,N/A,N/A,1517932,2026-04-29T16:14:48.773283+00:00
283,barman,domain.pddl,instance-08.pddl,madagascar,BASELINE,N/A,N/A,N/A,N/A,360.0,TIMEOUT,N/A,N/A,N/A,N/A,2026-04-29T16:18:29.942111+00:00
284,barman,domain.pddl,instance-09.pddl,madagascar,BASELINE,N/A,N/A,273,24.14,24.757185,SUCCESS,N/A,N/A,N/A,N/A,2026-04-29T16:18:54.751598+00:00
285,barman,domain.pddl,instance-11.pddl,decstar,BASELINE,N/A,N/A,N/A,N/A,360.0,TIMEOUT,N/A,N/A,N/A,1245028,2026-04-29T16:20:48.126008+00:00
286,barman,domain.pddl,instance-11.pddl,madagascar,BASELINE,N/A,N/A,N/A,N/A,360.0,TIMEOUT,N/A,N/A,N/A,N/A,2026-04-29T16:24:55.206490+00:00
287,barman,domain.pddl,instance-12.pddl,decstar,BASELINE,N/A,N/A,N/A,N/A,360.0,TIMEOUT,N/A,N/A,N/A,1283396,2026-04-29T16:26:47.506935+00:00
288,barman,domain.pddl,instance-12.pddl,madagascar,BASELINE,N/A,N/A,N/A,N/A,360.0,TIMEOUT,N/A,N/A,N/A,N/A,2026-04-29T16:30:55.634296+00:00
289,barman,domain.pddl,instance-13.pddl,decstar,BASELINE,N/A,N/A,N/A,N/A,360.0,TIMEOUT,N/A,N/A,N/A,1217972,2026-04-29T16:32:46.916766+00:00
290,barman,domain.pddl,instance-14.pddl,decstar,BASELINE,N/A,N/A,221,75.8577,77.959496,SUCCESS,1158411,7725965,1239160,330676,2026-04-29T16:34:04.929617+00:00
291,barman,domain.pddl,instance-13.pddl,madagascar,BASELINE,N/A,N/A,N/A,N/A,360.0,TIMEOUT,N/A,N/A,N/A,N/A,2026-04-29T16:36:56.077841+00:00
292,barman,domain.pddl,instance-16.pddl,decstar,BASELINE,N/A,N/A,N/A,N/A,360.0,TIMEOUT,N/A,N/A,N/A,1278628,2026-04-29T16:40:04.296231+00:00
293,barman,domain.pddl,instance-17.pddl,decstar,BASELINE,N/A,N/A,190,0.655726,2.668702,SUCCESS,10967,137390,10998,56964,2026-04-29T16:40:07.014680+00:00
294,barman,domain.pddl,instance-14.pddl,madagascar,BASELINE,N/A,N/A,N/A,N/A,360.0,TIMEOUT,N/A,N/A,N/A,N/A,2026-04-29T16:42:56.506121+00:00
295,barman,domain.pddl,instance-18.pddl,decstar,BASELINE,N/A,N/A,N/A,N/A,360.0,TIMEOUT,N/A,N/A,N/A,1322948,2026-04-29T16:46:06.197454+00:00
296,barman,domain.pddl,instance-16.pddl,madagascar,BASELINE,N/A,N/A,N/A,N/A,360.0,TIMEOUT,N/A,N/A,N/A,N/A,2026-04-29T16:48:56.939136+00:00
297,barman,domain.pddl,instance-17.pddl,madagascar,BASELINE,N/A,N/A,273,79.74,80.408323,SUCCESS,N/A,N/A,N/A,N/A,2026-04-29T16:50:17.399147+00:00
298,barman,domain.pddl,instance-19.pddl,decstar,BASELINE,N/A,N/A,N/A,N/A,360.0,TIMEOUT,N/A,N/A,N/A,1263696,2026-04-29T16:52:05.719499+00:00
299,barman,domain.pddl,instance-18.pddl,madagascar,BASELINE,N/A,N/A,291,141.58,142.277232,SUCCESS,N/A,N/A,N/A,N/A,2026-04-29T16:52:39.733580+00:00
300,barman,domain.pddl,instance-19.pddl,madagascar,BASELINE,N/A,N/A,N/A,N/A,360.0,TIMEOUT,N/A,N/A,N/A,N/A,2026-04-29T16:58:40.208242+00:00
